[
{
  "model": "lighthouse.org",
  "pk": 1,
  "fields": {
    "name": "\u041f\u0430\u0432\u043b\u043e\u0434\u0430\u0440\u0441\u043a\u0438\u0439 \u0430\u0433\u0440\u043e\u0445\u0438\u043c\u0438\u0447\u0435\u0441\u043a\u0438\u0439 \u043a\u043e\u043c\u043f\u043b\u0435\u043a\u0441",
    "addr_reg": "\u041f\u0430\u0432\u043b\u043e\u0434\u0430\u0440, \u041f\u0440\u043e\u043c\u044b\u0448\u043b\u0435\u043d\u043d\u0430\u044f 5 \u0441\u0442\u0440\u043e\u0435\u043d\u0438\u0435",
    "contact_phone": "8-7182-554501, 8-701-50060012",
    "contact_email": "agromprom@agrohim.kz",
    "contact_fax": "8-7182-554501",
    "req_bin": "012345678911",
    "req_account": "KZ301200000000000000",
    "req_bank": "\u0410\u041e \u041d\u0430\u0440\u043e\u0434\u043d\u044b\u0439 \u0431\u0430\u043d\u043a \u041a\u0430\u0437\u0430\u0445\u0441\u0442\u0430\u043d\u0430",
    "req_bik": "KZNARNAK",
    "boss_name": "\u041f\u0435\u0440\u0432\u044b\u0439 \u0440\u0443\u043a\u043e\u0432\u043e\u0434\u0438\u0442\u0435\u043b\u044c \u043f\u0440\u0435\u0434\u043f\u0440\u0438\u044f\u0442\u0438\u044f"
  }
},
{
  "model": "lighthouse.staff",
  "pk": 0,
  "fields": {
    "name": "\u043d\u0435 \u0443\u043a\u0430\u0437\u0430\u043d\u043e"
  }
},
{
  "model": "lighthouse.staff",
  "pk": 1,
  "fields": {
    "name": "\u0414\u0438\u0440\u0435\u043a\u0442\u043e\u0440"
  }
},
{
  "model": "lighthouse.staff",
  "pk": 2,
  "fields": {
    "name": "\u0413\u043b\u0430\u0432\u043d\u044b\u0439 \u0431\u0443\u0445\u0433\u0430\u043b\u0442\u0435\u0440"
  }
},
{
  "model": "lighthouse.staff",
  "pk": 3,
  "fields": {
    "name": "\u0411\u0443\u0445\u0433\u0430\u043b\u0442\u0435\u0440 \u043a\u0430\u0441\u0441\u044b"
  }
},
{
  "model": "lighthouse.staff",
  "pk": 4,
  "fields": {
    "name": "\u0411\u0443\u0445\u0433\u0430\u043b\u0442\u0435\u0440 \u043c\u0430\u0442\u0435\u0440\u0438\u0430\u043b\u044c\u043d\u043e\u0433\u043e \u0441\u0442\u043e\u043b\u0430\r\n"
  }
},
{
  "model": "lighthouse.staff",
  "pk": 5,
  "fields": {
    "name": "\u0424\u0438\u043d\u0430\u043d\u0441\u043e\u0432\u044b\u0439 \u0434\u0438\u0440\u0435\u043a\u0442\u043e\u0440\r\n"
  }
},
{
  "model": "lighthouse.staff",
  "pk": 6,
  "fields": {
    "name": "\u041d\u0430\u0447\u0430\u043b\u044c\u043d\u0438\u043a \u043e\u0442\u0434\u0435\u043b\u0430 \u043f\u0440\u043e\u0434\u0430\u0436\r\n"
  }
},
{
  "model": "lighthouse.staff",
  "pk": 7,
  "fields": {
    "name": "\u041c\u0435\u043d\u0435\u0434\u0436\u0435\u0440 \u043f\u043e \u043f\u0440\u043e\u0434\u0430\u0436\u0430\u043c\r\n"
  }
},
{
  "model": "lighthouse.staff",
  "pk": 8,
  "fields": {
    "name": "\u041d\u0430\u0447\u0430\u043b\u044c\u043d\u0438\u043a \u044e\u0440\u0438\u0434\u0438\u0447\u0435\u0441\u043a\u043e\u0433\u043e \u043e\u0442\u0434\u0435\u043b\u0430\r\n"
  }
},
{
  "model": "lighthouse.staff",
  "pk": 9,
  "fields": {
    "name": "\u042e\u0440\u0438\u0441\u0442\r\n"
  }
},
{
  "model": "lighthouse.staff",
  "pk": 10,
  "fields": {
    "name": "\u041d\u0430\u0447\u0430\u043b\u044c\u043d\u0438\u043a \u043f\u0440\u043e\u0438\u0437\u0432\u043e\u0434\u0441\u0442\u0432\u0435\u043d\u043d\u043e\u0433\u043e \u0446\u0435\u0445\u0430\r\n"
  }
},
{
  "model": "lighthouse.staff",
  "pk": 11,
  "fields": {
    "name": "\u0425\u0438\u043c\u0438\u043a - \u0442\u0435\u0445\u043d\u043e\u043b\u043e\u0433\r\n"
  }
},
{
  "model": "lighthouse.staff",
  "pk": 12,
  "fields": {
    "name": "\u0417\u0430\u0432\u0435\u0434\u0443\u044e\u0449\u0438\u0439 \u0441\u043a\u043b\u0430\u0434\u043e\u043c"
  }
},
{
  "model": "lighthouse.staff",
  "pk": 13,
  "fields": {
    "name": "\u0421\u0435\u043a\u0440\u0435\u0442\u0430\u0440\u044c - \u0434\u0435\u043b\u043e\u043f\u0440\u043e\u0438\u0437\u0432\u043e\u0434\u0438\u0442\u0435\u043b\u044c"
  }
},
{
  "model": "lighthouse.staff",
  "pk": 14,
  "fields": {
    "name": "\u0410\u0433\u0440\u043e\u043d\u043e\u043c\r\n"
  }
},
{
  "model": "lighthouse.employee",
  "pk": 1,
  "fields": {
    "created": "2020-04-09T01:40:57.945Z",
    "tab_num": "100-01",
    "fio": "\u0410\u0445\u043c\u0435\u0442\u043e\u0432 \u0410\u0441\u043c\u0435\u0442",
    "dob": "2020-04-01",
    "iin": "592052382278",
    "doc_type": 1,
    "doc_num": "7498193",
    "doc_date": "2020-04-08",
    "doc_auth": "\u041c\u0412\u0414 \u0420\u041a",
    "addr_registration": "\u041f\u0430\u0432\u043b\u043e\u0434\u0430\u0440 \u041b\u0435\u0440\u043c\u043e\u043d\u0442\u043e\u0432\u0430 9",
    "addr_residence": "\u0442\u043e\u0442 \u0436\u0435",
    "contact_phone": "+7 701 5971067",
    "contact_email": "m@mail.ru",
    "id_staff": 4,
    "fired": null
  }
},
{
  "model": "lighthouse.employee",
  "pk": 2,
  "fields": {
    "created": "2020-04-09T01:40:57.945Z",
    "tab_num": "100-07",
    "fio": "\u041e\u043c\u0430\u0440\u043e\u0432  A\u043c\u0430\u043d\u0436\u043e\u043b",
    "dob": "1979-07-08",
    "iin": "708824628484",
    "doc_type": 1,
    "doc_num": "9498451",
    "doc_date": "2015-08-10",
    "doc_auth": "\u041c\u0412\u0414 \u0420\u041a",
    "addr_registration": "\u041f\u0430\u0432\u043b\u043e\u0434\u0430\u0440 \u0410\u0431\u0430\u044f 11",
    "addr_residence": "\u0442\u043e\u0442 \u0436\u0435",
    "contact_phone": "+7 701 2557971",
    "contact_email": "m@mail.ru",
    "id_staff": 7,
    "fired": null
  }
},
{
  "model": "lighthouse.employee",
  "pk": 3,
  "fields": {
    "created": "2020-04-09T01:40:57.945Z",
    "tab_num": "100-09",
    "fio": "\u041a\u0438\u043c \u0410\u0431\u0430\u0439 ",
    "dob": "1984-02-28",
    "iin": "572624448735",
    "doc_type": 1,
    "doc_num": "4138435",
    "doc_date": "2018-09-26",
    "doc_auth": "\u041c\u0412\u0414 \u0420\u041a",
    "addr_registration": "\u041f\u0430\u0432\u043b\u043e\u0434\u0430\u0440 \u041f\u0440\u043f. \u041d\u0430\u0437\u0430\u0440\u0431\u0430\u0435\u0432\u0430 1",
    "addr_residence": "\u0442\u043e\u0442 \u0436\u0435",
    "contact_phone": "+7 701 1453676",
    "contact_email": "m@mail.ru",
    "id_staff": 6,
    "fired": "2020-04-01"
  }
},
{
  "model": "lighthouse.employee",
  "pk": 4,
  "fields": {
    "created": "2020-04-09T01:40:57.945Z",
    "tab_num": "100-05",
    "fio": "\u041e\u0441\u043f\u0430\u043d\u043e\u0432 \u0410\u0431\u0437\u0430\u043b",
    "dob": "1979-09-16",
    "iin": "246512162315",
    "doc_type": 1,
    "doc_num": "9454856",
    "doc_date": "2013-11-25",
    "doc_auth": "\u041c\u0412\u0414 \u0420\u041a",
    "addr_registration": "\u041f\u0430\u0432\u043b\u043e\u0434\u0430\u0440 \u041f\u0440\u043f. \u041d\u0430\u0437\u0430\u0440\u0431\u0430\u0435\u0432\u0430 3",
    "addr_residence": "\u0442\u043e\u0442 \u0436\u0435",
    "contact_phone": "+7 701 8881726",
    "contact_email": "m@mail.ru",
    "id_staff": 0,
    "fired": null
  }
},
{
  "model": "lighthouse.employee",
  "pk": 5,
  "fields": {
    "created": "2020-04-09T01:40:57.945Z",
    "tab_num": "100-21",
    "fio": "\u0418\u0432\u0430\u043d\u043e\u0432 \u0410\u0431\u044b\u0437",
    "dob": "1981-06-09",
    "iin": "786026309855",
    "doc_type": 1,
    "doc_num": "2184121",
    "doc_date": "2012-07-24",
    "doc_auth": "\u041c\u0412\u0414 \u0420\u041a",
    "addr_registration": "\u0410\u043a\u0441\u0443 \u0421\u0430\u0442\u043f\u0430\u0435\u0432\u0430 10",
    "addr_residence": "\u0442\u043e\u0442 \u0436\u0435",
    "contact_phone": "+7 701 8114160",
    "contact_email": "m@mail.ru",
    "id_staff": 0,
    "fired": null
  }
},
{
  "model": "lighthouse.employee",
  "pk": 6,
  "fields": {
    "created": "2020-04-09T01:40:57.945Z",
    "tab_num": "100-23",
    "fio": "\u0410\u043b\u0438\u0435\u0432 \u0410\u0431\u044b\u043b\u0430\u0439",
    "dob": "1984-03-05",
    "iin": "640125703970",
    "doc_type": 1,
    "doc_num": "3445775",
    "doc_date": "2014-08-16",
    "doc_auth": "\u041c\u0412\u0414 \u0420\u041a",
    "addr_registration": "\u041f\u0430\u0432\u043b\u043e\u0434\u0430\u0440 \u041f\u0440\u043f. \u041d\u0430\u0437\u0430\u0440\u0431\u0430\u0435\u0432\u0430 5",
    "addr_residence": "\u0442\u043e\u0442 \u0436\u0435",
    "contact_phone": "+7 701 6438370",
    "contact_email": "m@mail.ru",
    "id_staff": 0,
    "fired": null
  }
},
{
  "model": "lighthouse.employee",
  "pk": 7,
  "fields": {
    "created": "2020-04-09T01:40:57.945Z",
    "tab_num": "100-03",
    "fio": "\u0421\u0443\u043b\u0435\u0439\u043c\u0435\u043d\u043e\u0432  \u0410\u0433\u0437\u0430\u043c",
    "dob": "1990-07-07",
    "iin": "323759329469",
    "doc_type": 1,
    "doc_num": "9616990",
    "doc_date": "2015-12-25",
    "doc_auth": "\u041c\u0412\u0414 \u0420\u041a",
    "addr_registration": "\u041f\u0430\u0432\u043b\u043e\u0434\u0430\u0440 \u041f\u0440\u043f. \u041d\u0430\u0437\u0430\u0440\u0431\u0430\u0435\u0432\u0430 2",
    "addr_residence": "\u0442\u043e\u0442 \u0436\u0435",
    "contact_phone": "+7 701 7431373",
    "contact_email": "m@mail.ru",
    "id_staff": 0,
    "fired": null
  }
},
{
  "model": "lighthouse.employee",
  "pk": 8,
  "fields": {
    "created": "2020-04-09T01:40:57.945Z",
    "tab_num": "100-14",
    "fio": "\u0418\u0441\u043a\u0430\u043a\u043e\u0432 \u0410\u0434\u0438\u043b\u044c",
    "dob": "1995-10-04",
    "iin": "106356257933",
    "doc_type": 1,
    "doc_num": "8006606",
    "doc_date": "2010-01-04",
    "doc_auth": "\u041c\u0412\u0414 \u0420\u041a",
    "addr_registration": "\u0410\u043a\u0441\u0443 \u0421\u0430\u0442\u043f\u0430\u0435\u0432\u0430 11",
    "addr_residence": "\u0442\u043e\u0442 \u0436\u0435",
    "contact_phone": "+7 701 9417661",
    "contact_email": "m@mail.ru",
    "id_staff": 0,
    "fired": null
  }
},
{
  "model": "lighthouse.employee",
  "pk": 9,
  "fields": {
    "created": "2020-04-09T01:40:57.945Z",
    "tab_num": "100-12",
    "fio": "\u0410\u0431\u0434\u0440\u0430\u0445\u043c\u0430\u043d\u043e\u0432  \u0410\u0437\u0430\u043c\u0430\u0442",
    "dob": "1989-07-11",
    "iin": "131010683371",
    "doc_type": 1,
    "doc_num": "8581063",
    "doc_date": "2012-07-09",
    "doc_auth": "\u041c\u0412\u0414 \u0420\u041a",
    "addr_registration": "\u041f\u0430\u0432\u043b\u043e\u0434\u0430\u0440 \u041b\u0435\u0440\u043c\u043e\u043d\u0442\u043e\u0432\u0430 12",
    "addr_residence": "\u0442\u043e\u0442 \u0436\u0435",
    "contact_phone": "+7 701 5314982",
    "contact_email": "m@mail.ru",
    "id_staff": 1,
    "fired": null
  }
},
{
  "model": "lighthouse.employee",
  "pk": 10,
  "fields": {
    "created": "2020-04-09T01:40:57.945Z",
    "tab_num": "100-02",
    "fio": "\u0418\u0431\u0440\u0430\u0433\u0438\u043c\u043e\u0432  \u0410\u0437\u0430\u0442",
    "dob": "1975-12-05",
    "iin": "561747811421",
    "doc_type": 1,
    "doc_num": "9653925",
    "doc_date": "2012-05-12",
    "doc_auth": "\u041c\u0412\u0414 \u0420\u041a",
    "addr_registration": "\u041f\u0430\u0432\u043b\u043e\u0434\u0430\u0440 \u0410\u0431\u0430\u044f 12",
    "addr_residence": "\u0442\u043e\u0442 \u0436\u0435",
    "contact_phone": "+7 701 8237680",
    "contact_email": "m@mail.ru",
    "id_staff": 0,
    "fired": null
  }
},
{
  "model": "lighthouse.employee",
  "pk": 11,
  "fields": {
    "created": "2020-04-09T01:40:57.945Z",
    "tab_num": "100-04",
    "fio": "\u041a\u0430\u043b\u0438\u0435\u0432 \u0410\u0439\u0431\u0430\u0440",
    "dob": "1993-02-20",
    "iin": "213929440338",
    "doc_type": 1,
    "doc_num": "1609423",
    "doc_date": "2015-05-25",
    "doc_auth": "\u041c\u0412\u0414 \u0420\u041a",
    "addr_registration": "\u041f\u0430\u0432\u043b\u043e\u0434\u0430\u0440 \u041b\u0435\u0440\u043c\u043e\u043d\u0442\u043e\u0432\u0430 10",
    "addr_residence": "\u0442\u043e\u0442 \u0436\u0435",
    "contact_phone": "+7 701 9296433",
    "contact_email": "m@mail.ru",
    "id_staff": 5,
    "fired": null
  }
},
{
  "model": "lighthouse.employee",
  "pk": 12,
  "fields": {
    "created": "2020-04-09T01:40:57.945Z",
    "tab_num": "100-06",
    "fio": "\u0421\u0430\u0434\u044b\u043a\u043e\u0432  \u0410\u0439\u0434\u0430\u0440",
    "dob": "1970-10-01",
    "iin": "253499137789",
    "doc_type": 1,
    "doc_num": "3521877",
    "doc_date": "2013-01-21",
    "doc_auth": "\u041c\u0412\u0414 \u0420\u041a",
    "addr_registration": "\u041f\u0430\u0432\u043b\u043e\u0434\u0430\u0440 \u0410\u0431\u0430\u044f 10",
    "addr_residence": "\u0442\u043e\u0442 \u0436\u0435",
    "contact_phone": "+7 701 9583995",
    "contact_email": "m@mail.ru",
    "id_staff": 2,
    "fired": "2020-04-09"
  }
},
{
  "model": "lighthouse.employee",
  "pk": 13,
  "fields": {
    "created": "2020-04-09T01:40:57.945Z",
    "tab_num": "100-13",
    "fio": "\u0418\u0431\u0440\u0430\u0435\u0432  \u0410\u0439\u0434\u043e\u0441",
    "dob": "1978-12-02",
    "iin": "523664340978",
    "doc_type": 1,
    "doc_num": "5253393",
    "doc_date": "2010-06-25",
    "doc_auth": "\u041c\u0412\u0414 \u0420\u041a",
    "addr_registration": "\u0410\u043a\u0441\u0443 \u0421\u0430\u0442\u043f\u0430\u0435\u0432\u0430 14",
    "addr_residence": "\u0442\u043e\u0442 \u0436\u0435",
    "contact_phone": "+7 701 9309634",
    "contact_email": "m@mail.ru",
    "id_staff": 0,
    "fired": null
  }
},
{
  "model": "lighthouse.employee",
  "pk": 14,
  "fields": {
    "created": "2020-04-09T01:40:57.945Z",
    "tab_num": "100-10",
    "fio": "\u041a\u0443\u0437\u043d\u0435\u0446\u043e\u0432  \u0410\u0439\u0442\u0443\u0433\u0430\u043d",
    "dob": "1973-12-18",
    "iin": "691544100818",
    "doc_type": 1,
    "doc_num": "7109080",
    "doc_date": "2015-03-15",
    "doc_auth": "\u041c\u0412\u0414 \u0420\u041a",
    "addr_registration": "\u041f\u0430\u0432\u043b\u043e\u0434\u0430\u0440 \u041f\u0440\u043f. \u041d\u0430\u0437\u0430\u0440\u0431\u0430\u0435\u0432\u0430 4",
    "addr_residence": "\u0442\u043e\u0442 \u0436\u0435",
    "contact_phone": "+7 701 1834910",
    "contact_email": "m@mail.ru",
    "id_staff": 3,
    "fired": null
  }
},
{
  "model": "lighthouse.employee",
  "pk": 15,
  "fields": {
    "created": "2020-04-09T01:40:57.945Z",
    "tab_num": "100-16",
    "fio": "\u041f\u043e\u043f\u043e\u0432 \u2014 \u0410\u043a\u0448\u043e\u0440\u0430 ",
    "dob": "1993-04-03",
    "iin": "951402502921",
    "doc_type": 1,
    "doc_num": "2289532",
    "doc_date": "2015-05-25",
    "doc_auth": "\u041c\u0412\u0414 \u0420\u041a",
    "addr_registration": "\u0410\u043a\u0441\u0443 \u041b\u0435\u043d\u0438\u043d\u0430 3",
    "addr_residence": "\u0442\u043e\u0442 \u0436\u0435",
    "contact_phone": "+7 701 8292701",
    "contact_email": "m@mail.ru",
    "id_staff": 0,
    "fired": "2020-04-10"
  }
},
{
  "model": "lighthouse.employee",
  "pk": 16,
  "fields": {
    "created": "2020-04-09T01:40:57.945Z",
    "tab_num": "100-01",
    "fio": "\u0421\u043c\u0430\u0433\u0443\u043b\u043e\u0432  \u0410\u043a\u044b\u043b\u0431\u0430\u0439",
    "dob": "1995-05-18",
    "iin": "448255959579",
    "doc_type": 1,
    "doc_num": "1171787",
    "doc_date": "2014-07-03",
    "doc_auth": "\u041c\u0412\u0414 \u0420\u041a",
    "addr_registration": "\u041f\u0430\u0432\u043b\u043e\u0434\u0430\u0440 \u041b\u0435\u0440\u043c\u043e\u043d\u0442\u043e\u0432\u0430 11",
    "addr_residence": "\u0442\u043e\u0442 \u0436\u0435",
    "contact_phone": "+7 701 3315513",
    "contact_email": "m@mail.ru",
    "id_staff": 8,
    "fired": null
  }
},
{
  "model": "lighthouse.employee",
  "pk": 17,
  "fields": {
    "created": "2020-04-09T01:40:57.945Z",
    "tab_num": "100-19",
    "fio": "\u0410\u0431\u0434\u0443\u043b\u043b\u0430\u0435\u0432 \u0410\u043a\u044b\u043b\u0436\u0430\u043d",
    "dob": "1988-02-28",
    "iin": "444970409333",
    "doc_type": 1,
    "doc_num": "5110625",
    "doc_date": "2017-03-06",
    "doc_auth": "\u041c\u0412\u0414 \u0420\u041a",
    "addr_registration": "\u0410\u043a\u0441\u0443 \u041b\u0435\u043d\u0438\u043d\u0430 2",
    "addr_residence": "\u0442\u043e\u0442 \u0436\u0435",
    "contact_phone": "+7 701 5607803",
    "contact_email": "m@mail.ru",
    "id_staff": 0,
    "fired": null
  }
},
{
  "model": "lighthouse.employee",
  "pk": 18,
  "fields": {
    "created": "2020-04-09T01:40:57.945Z",
    "tab_num": "100-24",
    "fio": "\u0418\u0441\u0430\u0435\u0432  \u0410\u043b\u0434\u0438\u044f\u0440 ",
    "dob": "1989-06-28",
    "iin": "312734877542",
    "doc_type": 1,
    "doc_num": "5629545",
    "doc_date": "2009-06-03",
    "doc_auth": "\u041c\u0412\u0414 \u0420\u041a",
    "addr_registration": "\u0410\u043a\u0441\u0443 \u041b\u0435\u043d\u0438\u043d\u0430 1",
    "addr_residence": "\u0442\u043e\u0442 \u0436\u0435",
    "contact_phone": "+7 701 5307717",
    "contact_email": "m@mail.ru",
    "id_staff": 0,
    "fired": null
  }
},
{
  "model": "lighthouse.employee",
  "pk": 19,
  "fields": {
    "created": "2020-04-09T01:40:57.945Z",
    "tab_num": "100-22",
    "fio": "\u0421\u0443\u043b\u0442\u0430\u043d\u043e\u0432 \u0410\u043b\u0438\u044f",
    "dob": "1987-11-26",
    "iin": "168414595309",
    "doc_type": 1,
    "doc_num": "6980224",
    "doc_date": "2014-07-03",
    "doc_auth": "\u041c\u0412\u0414 \u0420\u041a",
    "addr_registration": "\u0410\u043a\u0441\u0443 \u0421\u0430\u0442\u043f\u0430\u0435\u0432\u0430 13",
    "addr_residence": "\u0442\u043e\u0442 \u0436\u0435",
    "contact_phone": "+7 701 9744371",
    "contact_email": "m@mail.ru",
    "id_staff": 0,
    "fired": "2020-05-14"
  }
},
{
  "model": "lighthouse.employee",
  "pk": 21,
  "fields": {
    "created": "2020-04-09T01:40:57.945Z",
    "tab_num": "100-20",
    "fio": "\u0418\u0441\u043c\u0430\u0438\u043b\u043e\u0432 \u0410\u043b\u0442\u044b\u043d\u0431\u0435\u043a ",
    "dob": "1971-09-02",
    "iin": "404517935183",
    "doc_type": 1,
    "doc_num": "5253393",
    "doc_date": "2012-07-09",
    "doc_auth": "\u041c\u0412\u0414 \u0420\u041a",
    "addr_registration": "\u0410\u043a\u0441\u0443 \u041b\u0435\u043d\u0438\u043d\u0430 4",
    "addr_residence": "\u0442\u043e\u0442 \u0436\u0435",
    "contact_phone": "+7 701 1977077",
    "contact_email": "m@mail.ru",
    "id_staff": 0,
    "fired": null
  }
},
{
  "model": "lighthouse.employee",
  "pk": 22,
  "fields": {
    "created": "2020-04-09T01:40:57.945Z",
    "tab_num": "100-08",
    "fio": "\u041d\u0443\u0440\u0433\u0430\u043b\u0438\u0435\u0432  \u0410\u043b\u044c\u0434\u0430\u0438\u0440 ",
    "dob": "1991-08-07",
    "iin": "525851649297",
    "doc_type": 1,
    "doc_num": "5662019",
    "doc_date": "2012-02-25",
    "doc_auth": "\u041c\u0412\u0414 \u0420\u041a",
    "addr_registration": "\u041f\u0430\u0432\u043b\u043e\u0434\u0430\u0440 \u0410\u0431\u0430\u044f 13",
    "addr_residence": "\u0442\u043e\u0442 \u0436\u0435",
    "contact_phone": "+7 701 1315868",
    "contact_email": "m@mail.ru",
    "id_staff": 0,
    "fired": "2020-01-02"
  }
},
{
  "model": "lighthouse.employee",
  "pk": 23,
  "fields": {
    "created": "2020-04-09T01:40:57.945Z",
    "tab_num": "100-15",
    "fio": "\u041a\u0430\u0440\u0438\u043c\u043e\u0432 \u0410\u043c\u0430\u043d ",
    "dob": "1995-04-13",
    "iin": "847947941732",
    "doc_type": 1,
    "doc_num": "3730087",
    "doc_date": "2019-07-16",
    "doc_auth": "\u041c\u0412\u0414 \u0420\u041a",
    "addr_registration": "\u0410\u043a\u0441\u0443 \u0421\u0430\u0442\u043f\u0430\u0435\u0432\u0430 12",
    "addr_residence": "\u0442\u043e\u0442 \u0436\u0435",
    "contact_phone": "+7 701 4585795",
    "contact_email": "m@mail.ru",
    "id_staff": 0,
    "fired": null
  }
},
{
  "model": "lighthouse.employee",
  "pk": 24,
  "fields": {
    "created": "2020-04-09T01:40:57.945Z",
    "tab_num": "100-18",
    "fio": "\u0421\u0435\u0440\u0438\u043a \u0410\u043c\u0438\u0440 ",
    "dob": "1988-04-24",
    "iin": "790068911691",
    "doc_type": 1,
    "doc_num": "8484474",
    "doc_date": "2015-08-10",
    "doc_auth": "\u041c\u0412\u0414 \u0420\u041a",
    "addr_registration": "\u041f\u0430\u0432\u043b\u043e\u0434\u0430\u0440, \u0410\u0441\u0442\u0430\u043d\u0430 7/1, \u043a\u0432 90",
    "addr_residence": "\u0442\u043e\u0442 \u0436\u0435",
    "contact_phone": "+7 701 8410470",
    "contact_email": "m@mail.ru",
    "id_staff": 0,
    "fired": null
  }
},
{
  "model": "lighthouse.employee",
  "pk": 25,
  "fields": {
    "created": "2020-04-09T01:40:57.945Z",
    "tab_num": "100-17",
    "fio": "\u041b\u0438  \u0410\u043d\u0432\u0430\u0440",
    "dob": "1987-05-17",
    "iin": "586236957013",
    "doc_type": 1,
    "doc_num": "5884543",
    "doc_date": "2013-01-21",
    "doc_auth": "\u041c\u0412\u0414 \u0420\u041a",
    "addr_registration": "\u0410\u043a\u0441\u0443 \u041b\u0435\u043d\u0438\u043d\u0430 5",
    "addr_residence": "\u0442\u043e\u0442 \u0436\u0435",
    "contact_phone": "+7 701 7772662",
    "contact_email": "m@mail.ru",
    "id_staff": 0,
    "fired": null
  }
},
{
  "model": "lighthouse.tare",
  "pk": 1,
  "fields": {
    "name": "\u0411\u043e\u0447\u043a\u0430"
  }
},
{
  "model": "lighthouse.tare",
  "pk": 2,
  "fields": {
    "name": "\u041c\u0435\u0448\u043e\u043a"
  }
},
{
  "model": "lighthouse.refmaterialtype",
  "pk": 1,
  "fields": {
    "name": "\u0421\u044b\u0440\u044c\u0451"
  }
},
{
  "model": "lighthouse.refmaterialtype",
  "pk": 2,
  "fields": {
    "name": "\u041f\u0440\u043e\u0434\u0443\u043a\u0446\u0438\u044f"
  }
},
{
  "model": "lighthouse.material",
  "pk": 0,
  "fields": {
    "name": "\u043d\u0435 \u0443\u043a\u0430\u0437\u0430\u043d\u043e",
    "id_type": 1
  }
},
{
  "model": "lighthouse.material",
  "pk": 2,
  "fields": {
    "name": "\u0410\u043c\u0438\u043d\u043d\u0430\u044f \u0441\u043e\u043b\u044c \u0433\u043b\u0438\u0444\u043e\u0441\u0430\u0442\u0430, 95%",
    "id_type": 1
  }
},
{
  "model": "lighthouse.material",
  "pk": 3,
  "fields": {
    "name": "\u0421\u0443\u043b\u044c\u0444\u0430\u0442 \u0430\u043c\u043c\u043e\u043d\u0438\u044f",
    "id_type": 1
  }
},
{
  "model": "lighthouse.material",
  "pk": 4,
  "fields": {
    "name": "\u042d\u043c\u0443\u043b\u044c\u0433\u0430\u0442\u043e\u0440",
    "id_type": 1
  }
},
{
  "model": "lighthouse.material",
  "pk": 5,
  "fields": {
    "name": "\u041c\u0435\u0442\u0440\u0438\u0431\u0443\u0437\u0438\u043d, 95%",
    "id_type": 1
  }
},
{
  "model": "lighthouse.material",
  "pk": 6,
  "fields": {
    "name": "\u041d\u0430\u043f\u043e\u043b\u043d\u0438\u0442\u0435\u043b\u044c",
    "id_type": 1
  }
},
{
  "model": "lighthouse.material",
  "pk": 7,
  "fields": {
    "name": "\u041a\u043b\u043e\u043f\u0438\u0440\u0430\u043b\u0438\u0434, 95%",
    "id_type": 1
  }
},
{
  "model": "lighthouse.material",
  "pk": 8,
  "fields": {
    "name": "\u0422\u0440\u0438\u0431\u0435\u043d\u0443\u0440\u043e\u043d-\u043c\u0435\u0442\u0438\u043b, 95%",
    "id_type": 1
  }
},
{
  "model": "lighthouse.material",
  "pk": 9,
  "fields": {
    "name": "\u041c\u0435\u0442\u0441\u0443\u043b\u044c\u0444\u0443\u0440\u043e\u043d-\u043c\u0435\u0442\u0438\u043b, 95%",
    "id_type": 1
  }
},
{
  "model": "lighthouse.material",
  "pk": 10,
  "fields": {
    "name": "\u0422\u0438\u0444\u0435\u043d\u0441\u0443\u043b\u044c\u0444\u0443\u0440\u043e\u043d-\u043c\u0435\u0442\u0438\u043b, 95%",
    "id_type": 1
  }
},
{
  "model": "lighthouse.material",
  "pk": 11,
  "fields": {
    "name": "\u0410\u0446\u0435\u0442\u0430\u043c\u0438\u043f\u0440\u0438\u0434, 95%",
    "id_type": 1
  }
},
{
  "model": "lighthouse.material",
  "pk": 12,
  "fields": {
    "name": "\u0413\u0435\u043a\u0441\u0438\u0442\u0438\u0430\u0437\u043e\u043a\u0441, 95%",
    "id_type": 1
  }
},
{
  "model": "lighthouse.material",
  "pk": 13,
  "fields": {
    "name": "\u0424\u043e\u0441\u0444\u0438\u0434 \u0430\u043b\u044e\u043c\u0438\u043d\u0438\u044f, 90%",
    "id_type": 1
  }
},
{
  "model": "lighthouse.material",
  "pk": 14,
  "fields": {
    "name": "\u0422\u0435\u0431\u0443\u043a\u043e\u043d\u0430\u0437\u043e\u043b, 95%",
    "id_type": 1
  }
},
{
  "model": "lighthouse.material",
  "pk": 15,
  "fields": {
    "name": "\u041a\u0440\u0430\u0441\u0438\u0442\u0435\u043b\u044c",
    "id_type": 1
  }
},
{
  "model": "lighthouse.material",
  "pk": 16,
  "fields": {
    "name": "\u0412\u043e\u0434\u0430 \u0434\u0438\u0441\u0441\u0442.",
    "id_type": 1
  }
},
{
  "model": "lighthouse.material",
  "pk": 17,
  "fields": {
    "name": "\u0418\u0437\u043e\u043f\u0440\u043e\u043f\u0438\u043b\u0430\u043c\u0438\u043d\u043d\u0430\u044f \u0441\u043e\u043b\u044c \u0433\u043b\u0438\u0444\u043e\u0441\u0430\u0442\u0430, 62%",
    "id_type": 1
  }
},
{
  "model": "lighthouse.material",
  "pk": 18,
  "fields": {
    "name": "2-\u044d\u0442\u0438\u043b\u0433\u0435\u043a\u0441\u0438\u043b\u043e\u0432\u044b\u0439 \u044d\u0444\u0438\u0440 2,4-\u0414 \u043a\u0438\u0441\u043b\u043e\u0442\u0430, 95%",
    "id_type": 1
  }
},
{
  "model": "lighthouse.material",
  "pk": 19,
  "fields": {
    "name": "2,4-\u0414 \u0434\u0438\u043c\u0435\u0442\u0438\u043b\u0430\u043c\u0438\u043d\u043d\u0430\u044f \u0441\u043e\u043b\u044c, 95%",
    "id_type": 1
  }
},
{
  "model": "lighthouse.material",
  "pk": 20,
  "fields": {
    "name": "\u0424\u0435\u043d\u043e\u043a\u0441\u0430\u043f\u0440\u043e\u043f-\u043f-\u044d\u0442\u0438\u043b, \r\n95%\r\n",
    "id_type": 1
  }
},
{
  "model": "lighthouse.material",
  "pk": 21,
  "fields": {
    "name": "\u0413\u0430\u043b\u043e\u043a\u0441\u0438\u0444\u043e\u043f-\u043f-\u043c\u0435\u0442\u0438\u043b, 95%",
    "id_type": 1
  }
},
{
  "model": "lighthouse.material",
  "pk": 22,
  "fields": {
    "name": "\u0413\u043b\u0438\u0444\u043e\u0441\u0430\u0442, 95%",
    "id_type": 1
  }
},
{
  "model": "lighthouse.material",
  "pk": 23,
  "fields": {
    "name": "\u0414\u0438\u043a\u0430\u043c\u0431\u0430, 95%",
    "id_type": 1
  }
},
{
  "model": "lighthouse.material",
  "pk": 24,
  "fields": {
    "name": "\u041e\u043a\u0441\u0438\u0444\u043b\u0443\u043e\u0440\u0444\u0435\u043d, 95%",
    "id_type": 1
  }
},
{
  "model": "lighthouse.material",
  "pk": 25,
  "fields": {
    "name": "\u041f\u0435\u043d\u0434\u0438\u043c\u0435\u0442\u0430\u043b\u0438\u043d, 95%",
    "id_type": 1
  }
},
{
  "model": "lighthouse.material",
  "pk": 34,
  "fields": {
    "name": "\u041f\u0440\u043e\u0434\u0443\u043a\u0442 1(\u043e\u0431\u043d\u043e\u0432\u043b\u0435\u043d\u043d\u044b\u0439)",
    "id_type": 2
  }
},
{
  "model": "lighthouse.material",
  "pk": 35,
  "fields": {
    "name": "\u041f\u0440\u043e\u0434\u0443\u043a\u0442 2",
    "id_type": 2
  }
},
{
  "model": "lighthouse.material",
  "pk": 36,
  "fields": {
    "name": "\u041f\u0440\u043e\u0434\u0443\u043a\u0442 3",
    "id_type": 2
  }
},
{
  "model": "lighthouse.material",
  "pk": 37,
  "fields": {
    "name": "\u041f\u0440\u043e\u0434\u0443\u043a\u0442 4",
    "id_type": 2
  }
},
{
  "model": "lighthouse.material",
  "pk": 38,
  "fields": {
    "name": "\u041f\u0440\u043e\u0434\u0443\u043a\u0442 5",
    "id_type": 2
  }
},
{
  "model": "lighthouse.material",
  "pk": 39,
  "fields": {
    "name": "\u041f\u0440\u043e\u0434\u0443\u043a\u0442 6",
    "id_type": 2
  }
},
{
  "model": "lighthouse.material",
  "pk": 40,
  "fields": {
    "name": "\u041f\u0440\u043e\u0434\u0443\u043a\u0442 7",
    "id_type": 2
  }
},
{
  "model": "lighthouse.formula",
  "pk": 1,
  "fields": {
    "created": "2020-04-17T11:22:02.008Z",
    "specification": "\u041d\u0435\u0438\u0437\u0432\u0435\u0441\u0442\u043d\u0430 \u043f\u043b\u043e\u0442\u043d\u043e\u0441\u0442\u044c \u043f\u0440\u0435\u043f\u0430\u0440\u0430\u0442\u0430, \u043f\u043e\u044d\u0442\u043e\u043c\u0443 \u0434\u043b\u044f \u043f\u0440\u0438\u0431\u043b\u0438\u0437\u0438\u0442\u0435\u043b\u044c\u043d\u043e\u0433\u043e \u0440\u0430\u0441\u0447\u0435\u0442\u0430 \u043f\u043b\u043e\u0442\u043d\u043e\u0441\u0442\u044c \u043f\u0440\u0438\u043d\u044f\u0442\u0430 \r\n\u0437\u0430 1,000 \u0433/\u0441\u043c3.\r\n",
    "id_tare": 1,
    "id_product": 36,
    "calc_amount": 5000.0,
    "calc_losses": 2.0,
    "is_active": true
  }
},
{
  "model": "lighthouse.formula",
  "pk": 2,
  "fields": {
    "created": "2020-04-17T11:22:02.008Z",
    "specification": "1213",
    "id_tare": 1,
    "id_product": 36,
    "calc_amount": 5000.0,
    "calc_losses": 2.0,
    "is_active": true
  }
},
{
  "model": "lighthouse.formula",
  "pk": 3,
  "fields": {
    "created": "2020-04-17T11:22:07.605Z",
    "specification": "\u041f\u043b\u043e\u0442\u043d\u043e\u0441\u0442\u044c \u043f\u0440\u0435\u043f\u0430\u0440\u0430\u0442\u0430 1,35-1,40 \u0433/\u0441\u043c3.",
    "id_tare": 2,
    "id_product": 40,
    "calc_amount": 1000.0,
    "calc_losses": 1.0,
    "is_active": true
  }
},
{
  "model": "lighthouse.formula",
  "pk": 4,
  "fields": {
    "created": "2020-04-17T11:22:00.552Z",
    "specification": "\u041f\u043b\u043e\u0442\u043d\u043e\u0441\u0442\u044c \u043f\u0440\u0435\u043f\u0430\u0440\u0430\u0442\u0430 1,03 \u0433/\u0441\u043c3.",
    "id_tare": 1,
    "id_product": 35,
    "calc_amount": 1000.0,
    "calc_losses": 2.0,
    "is_active": true
  }
},
{
  "model": "lighthouse.formula",
  "pk": 5,
  "fields": {
    "created": "2020-04-17T11:22:03.233Z",
    "specification": "\u041d\u0435\u0438\u0437\u0432\u0435\u0441\u0442\u043d\u0430 \u043f\u043b\u043e\u0442\u043d\u043e\u0441\u0442\u044c \u043f\u0440\u0435\u043f\u0430\u0440\u0430\u0442\u0430, \u043f\u043e\u044d\u0442\u043e\u043c\u0443 \u0434\u043b\u044f \u043f\u0440\u0438\u0431\u043b\u0438\u0437\u0438\u0442\u0435\u043b\u044c\u043d\u043e\u0433\u043e \u0440\u0430\u0441\u0447\u0435\u0442\u0430 \u043f\u043b\u043e\u0442\u043d\u043e\u0441\u0442\u044c \u043f\u0440\u0438\u043d\u044f\u0442\u0430 \r\n\u0437\u0430 1,000 \u0433/\u0441\u043c3.\r\n",
    "id_tare": 1,
    "id_product": 34,
    "calc_amount": 5000.0,
    "calc_losses": 3.0,
    "is_active": true
  }
},
{
  "model": "lighthouse.formula",
  "pk": 6,
  "fields": {
    "created": "2020-04-17T11:21:57.961Z",
    "specification": "\u041f\u043b\u043e\u0442\u043d\u043e\u0441\u0442\u044c \u043f\u0440\u0435\u043f\u0430\u0440\u0430\u0442\u0430 0,8-0,9 \u0433/\u0441\u043c3.",
    "id_tare": 1,
    "id_product": 39,
    "calc_amount": 1000.0,
    "calc_losses": 2.0,
    "is_active": true
  }
},
{
  "model": "lighthouse.formula",
  "pk": 7,
  "fields": {
    "created": "2020-04-17T11:22:04.295Z",
    "specification": "\u041d\u0435\u0438\u0437\u0432\u0435\u0441\u0442\u043d\u0430 \u043f\u043b\u043e\u0442\u043d\u043e\u0441\u0442\u044c \u043f\u0440\u0435\u043f\u0430\u0440\u0430\u0442\u0430, \u043f\u043e\u044d\u0442\u043e\u043c\u0443 \u0434\u043b\u044f \u043f\u0440\u0438\u0431\u043b\u0438\u0437\u0438\u0442\u0435\u043b\u044c\u043d\u043e\u0433\u043e \u0440\u0430\u0441\u0447\u0435\u0442\u0430 \u043f\u043b\u043e\u0442\u043d\u043e\u0441\u0442\u044c \u043f\u0440\u0438\u043d\u044f\u0442\u0430 \r\n\u0437\u0430 1,000 \u0433/\u0441\u043c3.\r\n",
    "id_tare": 2,
    "id_product": 37,
    "calc_amount": 1000.0,
    "calc_losses": 3.0,
    "is_active": true
  }
},
{
  "model": "lighthouse.formula",
  "pk": 8,
  "fields": {
    "created": "2020-04-17T11:22:06.497Z",
    "specification": "\u041f\u043b\u043e\u0442\u043d\u043e\u0441\u0442\u044c \u043f\u0440\u0435\u043f\u0430\u0440\u0430\u0442\u0430 1,35-1,40 \u0433/\u0441\u043c3.",
    "id_tare": 2,
    "id_product": 38,
    "calc_amount": 1000.0,
    "calc_losses": 5.0,
    "is_active": true
  }
},
{
  "model": "lighthouse.formula",
  "pk": 24,
  "fields": {
    "created": "2020-04-20T08:08:16.477Z",
    "specification": "\u041f\u043b\u043e\u0442\u043d\u043e\u0441\u0442\u044c \u043f\u0440\u0435\u043f\u0430\u0440\u0430\u0442\u0430 0,8-0,9 \u0433/\u0441\u043c3.",
    "id_tare": 1,
    "id_product": 39,
    "calc_amount": 1.0,
    "calc_losses": 2.0,
    "is_active": true
  }
},
{
  "model": "lighthouse.formula",
  "pk": 25,
  "fields": {
    "created": "2020-04-20T08:11:01.792Z",
    "specification": "\u041f\u043b\u043e\u0442\u043d\u043e\u0441\u0442\u044c \u043f\u0440\u0435\u043f\u0430\u0440\u0430\u0442\u0430 0,8-0,9 \u0433/\u0441\u043c3.",
    "id_tare": 1,
    "id_product": 39,
    "calc_amount": 1.0,
    "calc_losses": 2.0,
    "is_active": true
  }
},
{
  "model": "lighthouse.formula",
  "pk": 26,
  "fields": {
    "created": "2020-04-20T08:12:40.392Z",
    "specification": "\u041f\u043b\u043e\u0442\u043d\u043e\u0441\u0442\u044c \u043f\u0440\u0435\u043f\u0430\u0440\u0430\u0442\u0430 0,8-0,9 \u0433/\u0441\u043c3.",
    "id_tare": 1,
    "id_product": 39,
    "calc_amount": 1.0,
    "calc_losses": 2.0,
    "is_active": true
  }
},
{
  "model": "lighthouse.formula",
  "pk": 27,
  "fields": {
    "created": "2020-04-20T08:29:01.225Z",
    "specification": "\u041f\u043b\u043e\u0442\u043d\u043e\u0441\u0442\u044c \u043f\u0440\u0435\u043f\u0430\u0440\u0430\u0442\u0430 0,8-0,9 \u0433/\u0441\u043c3.",
    "id_tare": 1,
    "id_product": 39,
    "calc_amount": 1.0,
    "calc_losses": 2.0,
    "is_active": true
  }
},
{
  "model": "lighthouse.formula",
  "pk": 28,
  "fields": {
    "created": "2020-04-20T08:31:34.660Z",
    "specification": "\u041f\u043b\u043e\u0442\u043d\u043e\u0441\u0442\u044c \u043f\u0440\u0435\u043f\u0430\u0440\u0430\u0442\u0430 0,8-0,9 \u0433/\u0441\u043c3.",
    "id_tare": 1,
    "id_product": 39,
    "calc_amount": 1.0,
    "calc_losses": 2.0,
    "is_active": true
  }
},
{
  "model": "lighthouse.formula",
  "pk": 29,
  "fields": {
    "created": "2020-04-20T08:32:37.699Z",
    "specification": "\u041f\u043b\u043e\u0442\u043d\u043e\u0441\u0442\u044c \u043f\u0440\u0435\u043f\u0430\u0440\u0430\u0442\u0430 0,8-0,9 \u0433/\u0441\u043c3.",
    "id_tare": 1,
    "id_product": 39,
    "calc_amount": 1.0,
    "calc_losses": 2.0,
    "is_active": true
  }
},
{
  "model": "lighthouse.formula",
  "pk": 30,
  "fields": {
    "created": "2020-04-20T08:33:11.618Z",
    "specification": "\u041f\u043b\u043e\u0442\u043d\u043e\u0441\u0442\u044c \u043f\u0440\u0435\u043f\u0430\u0440\u0430\u0442\u0430 0,8-0,9 \u0433/\u0441\u043c3.",
    "id_tare": 1,
    "id_product": 39,
    "calc_amount": 1.0,
    "calc_losses": 2.0,
    "is_active": true
  }
},
{
  "model": "lighthouse.formula",
  "pk": 31,
  "fields": {
    "created": "2020-04-20T08:35:34.927Z",
    "specification": "\u041f\u043b\u043e\u0442\u043d\u043e\u0441\u0442\u044c \u043f\u0440\u0435\u043f\u0430\u0440\u0430\u0442\u0430 0,8-0,9 \u0433/\u0441\u043c3.",
    "id_tare": 1,
    "id_product": 39,
    "calc_amount": 5555.0,
    "calc_losses": 23236.0,
    "is_active": true
  }
},
{
  "model": "lighthouse.formulacomp",
  "pk": 12,
  "fields": {
    "id_formula": 1,
    "id_raw": 10,
    "raw_value": 10.5
  }
},
{
  "model": "lighthouse.formulacomp",
  "pk": 13,
  "fields": {
    "id_formula": 1,
    "id_raw": 2,
    "raw_value": 10.0
  }
},
{
  "model": "lighthouse.formulacomp",
  "pk": 14,
  "fields": {
    "id_formula": 1,
    "id_raw": 3,
    "raw_value": 10.0
  }
},
{
  "model": "lighthouse.formulacomp",
  "pk": 15,
  "fields": {
    "id_formula": 1,
    "id_raw": 4,
    "raw_value": 1.0
  }
},
{
  "model": "lighthouse.formulacomp",
  "pk": 19,
  "fields": {
    "id_formula": 3,
    "id_raw": 10,
    "raw_value": 545.0
  }
},
{
  "model": "lighthouse.formulacomp",
  "pk": 20,
  "fields": {
    "id_formula": 3,
    "id_raw": 2,
    "raw_value": 212.0
  }
},
{
  "model": "lighthouse.formulacomp",
  "pk": 21,
  "fields": {
    "id_formula": 3,
    "id_raw": 3,
    "raw_value": 1245.0
  }
},
{
  "model": "lighthouse.formulacomp",
  "pk": 22,
  "fields": {
    "id_formula": 3,
    "id_raw": 4,
    "raw_value": 125.0
  }
},
{
  "model": "lighthouse.formulacomp",
  "pk": 36,
  "fields": {
    "id_formula": 31,
    "id_raw": 18,
    "raw_value": 200.0
  }
},
{
  "model": "lighthouse.formulacomp",
  "pk": 37,
  "fields": {
    "id_formula": 31,
    "id_raw": 24,
    "raw_value": 300.0
  }
},
{
  "model": "lighthouse.formulacomp",
  "pk": 38,
  "fields": {
    "id_formula": 31,
    "id_raw": 25,
    "raw_value": 400.0
  }
},
{
  "model": "lighthouse.productionline",
  "pk": 0,
  "fields": {
    "name": "\u043d\u0435 \u0443\u043a\u0430\u0437\u0430\u043d\u043e"
  }
},
{
  "model": "lighthouse.productionline",
  "pk": 1,
  "fields": {
    "name": "1 \u043b\u0438\u043d\u0438\u044f"
  }
},
{
  "model": "lighthouse.productionline",
  "pk": 2,
  "fields": {
    "name": "2 \u043b\u0438\u043d\u0438\u044f"
  }
},
{
  "model": "lighthouse.productionline",
  "pk": 4,
  "fields": {
    "name": "\u0422\u0443\u0446 \u0434\u0448\u0442"
  }
},
{
  "model": "lighthouse.manufacture",
  "pk": 93,
  "fields": {
    "created": "2019-04-24T15:43:17Z",
    "id_line": 0,
    "id_creator": 7,
    "id_formula": 3,
    "id_team_leader": 6,
    "prod_start": "2019-10-26T15:57:49Z",
    "prod_finish": null,
    "calc_value": 2656.0,
    "cur_state": 1,
    "out_value": 5473.0,
    "loss_value": 684.0,
    "comment": "Donec posuere metus vitae ipsum. Aliquam non mauris. Morbi non lectus. Aliquam sit amet diam in magna bibendum imperdiet. Nullam orci pede, venenatis non, sodales sed, tincidunt eu, felis. Fusce posuere felis sed lacus. Morbi sem mauris, laoreet ut, rhoncus aliquet, pulvinar sed, nisl. Nunc rhoncus dui vel sem. Sed sagittis.",
    "is_delete": true
  }
},
{
  "model": "lighthouse.manufacture",
  "pk": 94,
  "fields": {
    "created": "2019-09-03T20:39:17Z",
    "id_line": 1,
    "id_creator": 5,
    "id_formula": 5,
    "id_team_leader": 2,
    "prod_start": "2019-06-27T03:03:09Z",
    "prod_finish": null,
    "calc_value": 5610.0,
    "cur_state": 1,
    "out_value": 1432.0,
    "loss_value": 267.0,
    "comment": "Ut tellus. Nulla ut erat id mauris vulputate elementum. Nullam varius. Nulla facilisi. Cras non velit nec nisi vulputate nonummy. Maecenas tincidunt lacus at velit. Vivamus vel nulla eget eros elementum pellentesque. Quisque porta volutpat erat.",
    "is_delete": true
  }
},
{
  "model": "lighthouse.manufacture",
  "pk": 95,
  "fields": {
    "created": "2020-04-10T08:16:33Z",
    "id_line": 0,
    "id_creator": 2,
    "id_formula": 8,
    "id_team_leader": 4,
    "prod_start": "2019-12-08T09:04:27Z",
    "prod_finish": null,
    "calc_value": 3243.0,
    "cur_state": 2,
    "out_value": 4882.0,
    "loss_value": 701.0,
    "comment": "Duis consequat dui nec nisi volutpat eleifend. Donec ut dolor. Morbi vel lectus in quam fringilla rhoncus. Mauris enim leo, rhoncus sed, vestibulum sit amet, cursus id, turpis. Integer aliquet, massa id lobortis convallis, tortor risus dapibus augue, vel accumsan tellus nisi eu orci. Mauris lacinia sapien quis libero. Nullam sit amet turpis elementum ligula vehicula consequat.",
    "is_delete": true
  }
},
{
  "model": "lighthouse.manufacture",
  "pk": 96,
  "fields": {
    "created": "2019-12-16T14:56:18Z",
    "id_line": 0,
    "id_creator": 6,
    "id_formula": 3,
    "id_team_leader": 10,
    "prod_start": "2019-06-25T21:28:06Z",
    "prod_finish": null,
    "calc_value": 4834.0,
    "cur_state": 1,
    "out_value": 3900.0,
    "loss_value": 388.0,
    "comment": "Donec dapibus. Duis at velit eu est congue elementum. In hac habitasse platea dictumst. Morbi vestibulum, velit id pretium iaculis, diam erat fermentum justo, nec condimentum neque sapien placerat ante. Nulla justo. Aliquam quis turpis eget elit sodales scelerisque. Mauris sit amet eros. Suspendisse accumsan tortor quis turpis.",
    "is_delete": true
  }
},
{
  "model": "lighthouse.manufacture",
  "pk": 97,
  "fields": {
    "created": "2019-07-08T07:17:50Z",
    "id_line": 1,
    "id_creator": 5,
    "id_formula": 6,
    "id_team_leader": 2,
    "prod_start": "2020-04-16T03:23:52Z",
    "prod_finish": null,
    "calc_value": 2939.0,
    "cur_state": 2,
    "out_value": 7000.0,
    "loss_value": 442.0,
    "comment": "Pellentesque at nulla. Suspendisse potenti. Cras in purus eu magna vulputate luctus. Cum sociis natoque penatibus et magnis dis parturient montes, nascetur ridiculus mus. Vivamus vestibulum sagittis sapien. Cum sociis natoque penatibus et magnis dis parturient montes, nascetur ridiculus mus. Etiam vel augue. Vestibulum rutrum rutrum neque. Aenean auctor gravida sem.",
    "is_delete": true
  }
},
{
  "model": "lighthouse.manufacture",
  "pk": 98,
  "fields": {
    "created": "2019-08-28T11:31:59Z",
    "id_line": 0,
    "id_creator": 2,
    "id_formula": 5,
    "id_team_leader": 9,
    "prod_start": "2019-08-15T21:54:07Z",
    "prod_finish": null,
    "calc_value": 6309.0,
    "cur_state": 0,
    "out_value": 1741.0,
    "loss_value": 698.0,
    "comment": "Phasellus sit amet erat. Nulla tempus. Vivamus in felis eu sapien cursus vestibulum. Proin eu mi. Nulla ac enim.",
    "is_delete": true
  }
},
{
  "model": "lighthouse.manufacture",
  "pk": 99,
  "fields": {
    "created": "2019-12-01T17:25:55Z",
    "id_line": 1,
    "id_creator": 3,
    "id_formula": 4,
    "id_team_leader": 6,
    "prod_start": "2019-08-26T20:53:01Z",
    "prod_finish": null,
    "calc_value": 4244.0,
    "cur_state": 1,
    "out_value": 4075.0,
    "loss_value": 135.0,
    "comment": "Duis at velit eu est congue elementum. In hac habitasse platea dictumst. Morbi vestibulum, velit id pretium iaculis, diam erat fermentum justo, nec condimentum neque sapien placerat ante. Nulla justo. Aliquam quis turpis eget elit sodales scelerisque. Mauris sit amet eros. Suspendisse accumsan tortor quis turpis. Sed ante. Vivamus tortor.",
    "is_delete": false
  }
},
{
  "model": "lighthouse.manufacture",
  "pk": 100,
  "fields": {
    "created": "2020-01-12T08:27:03Z",
    "id_line": 0,
    "id_creator": 1,
    "id_formula": 3,
    "id_team_leader": 2,
    "prod_start": "2019-05-01T19:00:43Z",
    "prod_finish": null,
    "calc_value": 1637.0,
    "cur_state": 2,
    "out_value": 2661.0,
    "loss_value": 695.0,
    "comment": "Vivamus vestibulum sagittis sapien. Cum sociis natoque penatibus et magnis dis parturient montes, nascetur ridiculus mus. Etiam vel augue. Vestibulum rutrum rutrum neque. Aenean auctor gravida sem. Praesent id massa id nisl venenatis lacinia. Aenean sit amet justo.",
    "is_delete": false
  }
},
{
  "model": "lighthouse.manufacture",
  "pk": 101,
  "fields": {
    "created": "2020-03-23T09:57:23Z",
    "id_line": 0,
    "id_creator": 4,
    "id_formula": 5,
    "id_team_leader": 10,
    "prod_start": "2019-09-20T11:32:12Z",
    "prod_finish": null,
    "calc_value": 5927.0,
    "cur_state": 1,
    "out_value": 5756.0,
    "loss_value": 646.0,
    "comment": "In hac habitasse platea dictumst. Etiam faucibus cursus urna. Ut tellus. Nulla ut erat id mauris vulputate elementum. Nullam varius. Nulla facilisi. Cras non velit nec nisi vulputate nonummy. Maecenas tincidunt lacus at velit. Vivamus vel nulla eget eros elementum pellentesque.",
    "is_delete": false
  }
},
{
  "model": "lighthouse.manufacture",
  "pk": 102,
  "fields": {
    "created": "2020-01-10T15:58:49Z",
    "id_line": 2,
    "id_creator": 8,
    "id_formula": 4,
    "id_team_leader": 7,
    "prod_start": "2019-09-19T00:54:08Z",
    "prod_finish": null,
    "calc_value": 5999.0,
    "cur_state": 2,
    "out_value": 3059.0,
    "loss_value": 603.0,
    "comment": "Morbi vel lectus in quam fringilla rhoncus. Mauris enim leo, rhoncus sed, vestibulum sit amet, cursus id, turpis. Integer aliquet, massa id lobortis convallis, tortor risus dapibus augue, vel accumsan tellus nisi eu orci. Mauris lacinia sapien quis libero. Nullam sit amet turpis elementum ligula vehicula consequat. Morbi a ipsum. Integer a nibh. In quis justo. Maecenas rhoncus aliquam lacus.",
    "is_delete": true
  }
},
{
  "model": "lighthouse.manufacture",
  "pk": 103,
  "fields": {
    "created": "2019-10-08T22:45:12Z",
    "id_line": 0,
    "id_creator": 9,
    "id_formula": 6,
    "id_team_leader": 10,
    "prod_start": "2019-08-17T20:32:49Z",
    "prod_finish": null,
    "calc_value": 1755.0,
    "cur_state": 1,
    "out_value": 3043.0,
    "loss_value": 275.0,
    "comment": "Suspendisse accumsan tortor quis turpis. Sed ante. Vivamus tortor. Duis mattis egestas metus. Aenean fermentum. Donec ut mauris eget massa tempor convallis. Nulla neque libero, convallis eget, eleifend luctus, ultricies eu, nibh.",
    "is_delete": true
  }
},
{
  "model": "lighthouse.manufacture",
  "pk": 104,
  "fields": {
    "created": "2020-03-09T14:15:53Z",
    "id_line": 1,
    "id_creator": 8,
    "id_formula": 7,
    "id_team_leader": 7,
    "prod_start": "2019-11-23T16:18:11Z",
    "prod_finish": null,
    "calc_value": 5460.0,
    "cur_state": 1,
    "out_value": 4325.0,
    "loss_value": 174.0,
    "comment": "Vivamus vel nulla eget eros elementum pellentesque. Quisque porta volutpat erat. Quisque erat eros, viverra eget, congue eget, semper rutrum, nulla. Nunc purus. Phasellus in felis. Donec semper sapien a libero. Nam dui. Proin leo odio, porttitor id, consequat in, consequat ut, nulla. Sed accumsan felis.",
    "is_delete": false
  }
},
{
  "model": "lighthouse.manufacture",
  "pk": 105,
  "fields": {
    "created": "2020-01-09T13:24:08Z",
    "id_line": 0,
    "id_creator": 9,
    "id_formula": 8,
    "id_team_leader": 9,
    "prod_start": "2019-10-06T08:41:35Z",
    "prod_finish": null,
    "calc_value": 5458.0,
    "cur_state": 1,
    "out_value": 1145.0,
    "loss_value": 193.0,
    "comment": "Nunc purus. Phasellus in felis. Donec semper sapien a libero. Nam dui. Proin leo odio, porttitor id, consequat in, consequat ut, nulla. Sed accumsan felis.",
    "is_delete": false
  }
},
{
  "model": "lighthouse.manufacture",
  "pk": 106,
  "fields": {
    "created": "2020-01-17T04:43:48Z",
    "id_line": 1,
    "id_creator": 1,
    "id_formula": 6,
    "id_team_leader": 6,
    "prod_start": "2020-03-27T03:08:44Z",
    "prod_finish": null,
    "calc_value": 6252.0,
    "cur_state": 2,
    "out_value": 4076.0,
    "loss_value": 430.0,
    "comment": "Mauris lacinia sapien quis libero. Nullam sit amet turpis elementum ligula vehicula consequat. Morbi a ipsum. Integer a nibh. In quis justo. Maecenas rhoncus aliquam lacus. Morbi quis tortor id nulla ultrices aliquet. Maecenas leo odio, condimentum id, luctus nec, molestie sed, justo.",
    "is_delete": false
  }
},
{
  "model": "lighthouse.manufacture",
  "pk": 107,
  "fields": {
    "created": "2019-09-26T09:59:27Z",
    "id_line": 2,
    "id_creator": 10,
    "id_formula": 4,
    "id_team_leader": 8,
    "prod_start": "2019-06-23T17:02:41Z",
    "prod_finish": null,
    "calc_value": 4549.0,
    "cur_state": 1,
    "out_value": 3492.0,
    "loss_value": 309.0,
    "comment": "Donec quis orci eget orci vehicula condimentum. Curabitur in libero ut massa volutpat convallis. Morbi odio odio, elementum eu, interdum eu, tincidunt in, leo. Maecenas pulvinar lobortis est. Phasellus sit amet erat. Nulla tempus. Vivamus in felis eu sapien cursus vestibulum. Proin eu mi. Nulla ac enim.",
    "is_delete": false
  }
},
{
  "model": "lighthouse.manufacture",
  "pk": 108,
  "fields": {
    "created": "2019-06-27T04:46:16Z",
    "id_line": 0,
    "id_creator": 6,
    "id_formula": 4,
    "id_team_leader": 8,
    "prod_start": "2020-02-20T23:01:20Z",
    "prod_finish": "2019-10-10T01:37:54Z",
    "calc_value": 2530.0,
    "cur_state": 1,
    "out_value": 2227.0,
    "loss_value": 171.0,
    "comment": "In est risus, auctor sed, tristique in, tempus sit amet, sem. Fusce consequat. Nulla nisl. Nunc nisl. Duis bibendum, felis sed interdum venenatis, turpis enim blandit mi, in porttitor pede justo eu massa. Donec dapibus. Duis at velit eu est congue elementum. In hac habitasse platea dictumst. Morbi vestibulum, velit id pretium iaculis, diam erat fermentum justo, nec condimentum neque sapien placerat ante.",
    "is_delete": false
  }
},
{
  "model": "lighthouse.manufacture",
  "pk": 109,
  "fields": {
    "created": "2019-09-27T02:24:13Z",
    "id_line": 2,
    "id_creator": 2,
    "id_formula": 2,
    "id_team_leader": 6,
    "prod_start": "2019-09-01T22:17:25Z",
    "prod_finish": null,
    "calc_value": 4492.0,
    "cur_state": 0,
    "out_value": 5143.0,
    "loss_value": 468.0,
    "comment": "Nullam sit amet turpis elementum ligula vehicula consequat. Morbi a ipsum. Integer a nibh. In quis justo. Maecenas rhoncus aliquam lacus. Morbi quis tortor id nulla ultrices aliquet. Maecenas leo odio, condimentum id, luctus nec, molestie sed, justo.",
    "is_delete": false
  }
},
{
  "model": "lighthouse.manufacture",
  "pk": 110,
  "fields": {
    "created": "2020-01-06T01:04:13Z",
    "id_line": 1,
    "id_creator": 4,
    "id_formula": 4,
    "id_team_leader": 5,
    "prod_start": "2020-02-09T19:11:18Z",
    "prod_finish": null,
    "calc_value": 4386.0,
    "cur_state": 2,
    "out_value": 5140.0,
    "loss_value": 611.0,
    "comment": "Nulla mollis molestie lorem. Quisque ut erat. Curabitur gravida nisi at nibh. In hac habitasse platea dictumst. Aliquam augue quam, sollicitudin vitae, consectetuer eget, rutrum at, lorem.",
    "is_delete": false
  }
},
{
  "model": "lighthouse.manufacture",
  "pk": 111,
  "fields": {
    "created": "2019-12-11T10:52:41Z",
    "id_line": 0,
    "id_creator": 7,
    "id_formula": 6,
    "id_team_leader": 4,
    "prod_start": "2019-10-26T23:43:41Z",
    "prod_finish": null,
    "calc_value": 4836.0,
    "cur_state": 1,
    "out_value": 7819.0,
    "loss_value": 292.0,
    "comment": "Nullam molestie nibh in lectus. Pellentesque at nulla. Suspendisse potenti. Cras in purus eu magna vulputate luctus. Cum sociis natoque penatibus et magnis dis parturient montes, nascetur ridiculus mus.",
    "is_delete": false
  }
},
{
  "model": "lighthouse.manufacture",
  "pk": 112,
  "fields": {
    "created": "2020-02-26T02:31:54Z",
    "id_line": 1,
    "id_creator": 1,
    "id_formula": 1,
    "id_team_leader": 7,
    "prod_start": "2019-10-20T21:52:35Z",
    "prod_finish": null,
    "calc_value": 4869.0,
    "cur_state": 1,
    "out_value": 6410.0,
    "loss_value": 243.0,
    "comment": "Nam dui. Proin leo odio, porttitor id, consequat in, consequat ut, nulla. Sed accumsan felis. Ut at dolor quis odio consequat varius. Integer ac leo. Pellentesque ultrices mattis odio. Donec vitae nisi. Nam ultrices, libero non mattis pulvinar, nulla pede ullamcorper augue, a suscipit nulla elit ac nulla.",
    "is_delete": false
  }
},
{
  "model": "lighthouse.manufacture",
  "pk": 113,
  "fields": {
    "created": "2019-04-20T20:26:26Z",
    "id_line": 2,
    "id_creator": 8,
    "id_formula": 5,
    "id_team_leader": 2,
    "prod_start": "2020-01-26T08:45:29Z",
    "prod_finish": null,
    "calc_value": 2184.0,
    "cur_state": 2,
    "out_value": 4033.0,
    "loss_value": 643.0,
    "comment": "Vestibulum sed magna at nunc commodo placerat. Praesent blandit. Nam nulla. Integer pede justo, lacinia eget, tincidunt eget, tempus vel, pede. Morbi porttitor lorem id ligula. Suspendisse ornare consequat lectus. In est risus, auctor sed, tristique in, tempus sit amet, sem. Fusce consequat.",
    "is_delete": true
  }
},
{
  "model": "lighthouse.manufacture",
  "pk": 114,
  "fields": {
    "created": "2020-03-06T18:21:46Z",
    "id_line": 0,
    "id_creator": 9,
    "id_formula": 1,
    "id_team_leader": 7,
    "prod_start": "2019-10-28T16:27:46Z",
    "prod_finish": null,
    "calc_value": 2801.0,
    "cur_state": 0,
    "out_value": 4624.0,
    "loss_value": 643.0,
    "comment": "Donec dapibus. Duis at velit eu est congue elementum. In hac habitasse platea dictumst. Morbi vestibulum, velit id pretium iaculis, diam erat fermentum justo, nec condimentum neque sapien placerat ante. Nulla justo. Aliquam quis turpis eget elit sodales scelerisque. Mauris sit amet eros. Suspendisse accumsan tortor quis turpis. Sed ante. Vivamus tortor.",
    "is_delete": false
  }
},
{
  "model": "lighthouse.manufacture",
  "pk": 115,
  "fields": {
    "created": "2020-04-02T23:12:51Z",
    "id_line": 1,
    "id_creator": 10,
    "id_formula": 5,
    "id_team_leader": 10,
    "prod_start": "2019-09-23T23:39:31Z",
    "prod_finish": null,
    "calc_value": 4732.0,
    "cur_state": 1,
    "out_value": 6436.0,
    "loss_value": 399.0,
    "comment": "Sed ante. Vivamus tortor. Duis mattis egestas metus. Aenean fermentum. Donec ut mauris eget massa tempor convallis. Nulla neque libero, convallis eget, eleifend luctus, ultricies eu, nibh. Quisque id justo sit amet sapien dignissim vestibulum.",
    "is_delete": true
  }
},
{
  "model": "lighthouse.manufacture",
  "pk": 116,
  "fields": {
    "created": "2019-08-31T03:20:39Z",
    "id_line": 1,
    "id_creator": 5,
    "id_formula": 3,
    "id_team_leader": 8,
    "prod_start": "2020-01-29T23:35:10Z",
    "prod_finish": null,
    "calc_value": 1921.0,
    "cur_state": 2,
    "out_value": 7542.0,
    "loss_value": 654.0,
    "comment": "Duis mattis egestas metus. Aenean fermentum. Donec ut mauris eget massa tempor convallis. Nulla neque libero, convallis eget, eleifend luctus, ultricies eu, nibh. Quisque id justo sit amet sapien dignissim vestibulum. Vestibulum ante ipsum primis in faucibus orci luctus et ultrices posuere cubilia Curae; Nulla dapibus dolor vel est.",
    "is_delete": true
  }
},
{
  "model": "lighthouse.manufacture",
  "pk": 117,
  "fields": {
    "created": "2019-09-24T02:58:44Z",
    "id_line": 2,
    "id_creator": 9,
    "id_formula": 5,
    "id_team_leader": 8,
    "prod_start": "2019-04-27T23:54:41Z",
    "prod_finish": "2020-04-27T23:54:41Z",
    "calc_value": 1.0,
    "cur_state": 0,
    "out_value": 3415.0,
    "loss_value": 3.0,
    "comment": "\u041f\u0440\u043e\u0441\u0442\u043e\u0439 \u043a\u043e\u043c\u043c\u0435\u043d\u0442\u0430\u0440\u0438\u0439",
    "is_delete": false
  }
},
{
  "model": "lighthouse.manufacture",
  "pk": 118,
  "fields": {
    "created": "2019-09-08T17:44:32Z",
    "id_line": 1,
    "id_creator": 1,
    "id_formula": 6,
    "id_team_leader": 6,
    "prod_start": "2020-03-23T08:00:31Z",
    "prod_finish": "2019-04-25T10:34:53Z",
    "calc_value": 5949.0,
    "cur_state": 1,
    "out_value": 2645.0,
    "loss_value": 517.0,
    "comment": "Nulla ac enim. In tempor, turpis nec euismod scelerisque, quam turpis adipiscing lorem, vitae mattis nibh ligula nec sem. Duis aliquam convallis nunc. Proin at turpis a pede posuere nonummy. Integer non velit. Donec diam neque, vestibulum eget, vulputate ut, ultrices vel, augue.",
    "is_delete": true
  }
},
{
  "model": "lighthouse.manufacture",
  "pk": 119,
  "fields": {
    "created": "2019-06-22T12:14:41Z",
    "id_line": 0,
    "id_creator": 5,
    "id_formula": 8,
    "id_team_leader": 6,
    "prod_start": "2019-10-01T11:10:42Z",
    "prod_finish": null,
    "calc_value": 3863.0,
    "cur_state": 2,
    "out_value": 4184.0,
    "loss_value": 114.0,
    "comment": "Integer pede justo, lacinia eget, tincidunt eget, tempus vel, pede. Morbi porttitor lorem id ligula. Suspendisse ornare consequat lectus. In est risus, auctor sed, tristique in, tempus sit amet, sem. Fusce consequat. Nulla nisl. Nunc nisl.",
    "is_delete": true
  }
},
{
  "model": "lighthouse.manufacture",
  "pk": 120,
  "fields": {
    "created": "2019-09-17T05:12:43Z",
    "id_line": 2,
    "id_creator": 2,
    "id_formula": 6,
    "id_team_leader": 1,
    "prod_start": "2019-09-11T23:14:56Z",
    "prod_finish": null,
    "calc_value": 4952.0,
    "cur_state": 0,
    "out_value": 3035.0,
    "loss_value": 344.0,
    "comment": "Integer ac neque. Duis bibendum. Morbi non quam nec dui luctus rutrum. Nulla tellus. In sagittis dui vel nisl. Duis ac nibh. Fusce lacus purus, aliquet at, feugiat non, pretium quis, lectus.",
    "is_delete": false
  }
},
{
  "model": "lighthouse.manufacture",
  "pk": 121,
  "fields": {
    "created": "2019-10-29T20:16:29Z",
    "id_line": 1,
    "id_creator": 10,
    "id_formula": 5,
    "id_team_leader": 9,
    "prod_start": "2020-01-11T19:16:38Z",
    "prod_finish": null,
    "calc_value": 5237.0,
    "cur_state": 2,
    "out_value": 5951.0,
    "loss_value": 274.0,
    "comment": "Integer ac neque. Duis bibendum. Morbi non quam nec dui luctus rutrum. Nulla tellus. In sagittis dui vel nisl. Duis ac nibh. Fusce lacus purus, aliquet at, feugiat non, pretium quis, lectus.",
    "is_delete": true
  }
},
{
  "model": "lighthouse.manufacture",
  "pk": 122,
  "fields": {
    "created": "2019-07-29T04:05:02Z",
    "id_line": 2,
    "id_creator": 2,
    "id_formula": 5,
    "id_team_leader": 10,
    "prod_start": "2019-11-02T22:57:56Z",
    "prod_finish": null,
    "calc_value": 5589.0,
    "cur_state": 1,
    "out_value": 7270.0,
    "loss_value": 672.0,
    "comment": "Duis bibendum, felis sed interdum venenatis, turpis enim blandit mi, in porttitor pede justo eu massa. Donec dapibus. Duis at velit eu est congue elementum. In hac habitasse platea dictumst. Morbi vestibulum, velit id pretium iaculis, diam erat fermentum justo, nec condimentum neque sapien placerat ante. Nulla justo.",
    "is_delete": false
  }
},
{
  "model": "lighthouse.manufacture",
  "pk": 123,
  "fields": {
    "created": "2020-02-04T19:46:08Z",
    "id_line": 0,
    "id_creator": 10,
    "id_formula": 2,
    "id_team_leader": 3,
    "prod_start": "2019-05-28T02:32:01Z",
    "prod_finish": null,
    "calc_value": 5035.0,
    "cur_state": 2,
    "out_value": 1970.0,
    "loss_value": 761.0,
    "comment": "Nulla neque libero, convallis eget, eleifend luctus, ultricies eu, nibh. Quisque id justo sit amet sapien dignissim vestibulum. Vestibulum ante ipsum primis in faucibus orci luctus et ultrices posuere cubilia Curae; Nulla dapibus dolor vel est. Donec odio justo, sollicitudin ut, suscipit a, feugiat et, eros. Vestibulum ac est lacinia nisi venenatis tristique. Fusce congue, diam id ornare imperdiet, sapien urna pretium nisl, ut volutpat sapien arcu sed augue. Aliquam erat volutpat. In congue. Etiam justo.",
    "is_delete": false
  }
},
{
  "model": "lighthouse.manufacture",
  "pk": 124,
  "fields": {
    "created": "2020-03-02T04:35:23Z",
    "id_line": 2,
    "id_creator": 9,
    "id_formula": 7,
    "id_team_leader": 5,
    "prod_start": "2019-10-18T13:20:26Z",
    "prod_finish": null,
    "calc_value": 3818.0,
    "cur_state": 1,
    "out_value": 4839.0,
    "loss_value": 668.0,
    "comment": "Cras non velit nec nisi vulputate nonummy. Maecenas tincidunt lacus at velit. Vivamus vel nulla eget eros elementum pellentesque. Quisque porta volutpat erat. Quisque erat eros, viverra eget, congue eget, semper rutrum, nulla. Nunc purus. Phasellus in felis. Donec semper sapien a libero.",
    "is_delete": true
  }
},
{
  "model": "lighthouse.manufacture",
  "pk": 125,
  "fields": {
    "created": "2020-01-27T12:44:37Z",
    "id_line": 1,
    "id_creator": 7,
    "id_formula": 8,
    "id_team_leader": 6,
    "prod_start": "2019-11-22T02:57:01Z",
    "prod_finish": null,
    "calc_value": 5602.0,
    "cur_state": 2,
    "out_value": 5131.0,
    "loss_value": 201.0,
    "comment": "Suspendisse potenti. In eleifend quam a odio. In hac habitasse platea dictumst. Maecenas ut massa quis augue luctus tincidunt. Nulla mollis molestie lorem. Quisque ut erat. Curabitur gravida nisi at nibh. In hac habitasse platea dictumst. Aliquam augue quam, sollicitudin vitae, consectetuer eget, rutrum at, lorem.",
    "is_delete": false
  }
},
{
  "model": "lighthouse.manufacture",
  "pk": 126,
  "fields": {
    "created": "2019-12-30T16:19:54Z",
    "id_line": 1,
    "id_creator": 3,
    "id_formula": 4,
    "id_team_leader": 8,
    "prod_start": "2019-11-11T21:03:06Z",
    "prod_finish": null,
    "calc_value": 1884.0,
    "cur_state": 2,
    "out_value": 6570.0,
    "loss_value": 490.0,
    "comment": "Praesent blandit. Nam nulla. Integer pede justo, lacinia eget, tincidunt eget, tempus vel, pede. Morbi porttitor lorem id ligula. Suspendisse ornare consequat lectus. In est risus, auctor sed, tristique in, tempus sit amet, sem. Fusce consequat. Nulla nisl.",
    "is_delete": true
  }
},
{
  "model": "lighthouse.manufacture",
  "pk": 127,
  "fields": {
    "created": "2020-01-31T03:15:54Z",
    "id_line": 2,
    "id_creator": 5,
    "id_formula": 3,
    "id_team_leader": 9,
    "prod_start": "2019-08-06T14:38:08Z",
    "prod_finish": null,
    "calc_value": 6027.0,
    "cur_state": 2,
    "out_value": 4741.0,
    "loss_value": 669.0,
    "comment": "Vestibulum ante ipsum primis in faucibus orci luctus et ultrices posuere cubilia Curae; Nulla dapibus dolor vel est. Donec odio justo, sollicitudin ut, suscipit a, feugiat et, eros. Vestibulum ac est lacinia nisi venenatis tristique. Fusce congue, diam id ornare imperdiet, sapien urna pretium nisl, ut volutpat sapien arcu sed augue. Aliquam erat volutpat.",
    "is_delete": false
  }
},
{
  "model": "lighthouse.manufacture",
  "pk": 128,
  "fields": {
    "created": "2020-03-11T06:22:32Z",
    "id_line": 2,
    "id_creator": 7,
    "id_formula": 1,
    "id_team_leader": 4,
    "prod_start": "2019-04-30T13:47:53Z",
    "prod_finish": null,
    "calc_value": 1790.0,
    "cur_state": 2,
    "out_value": 6700.0,
    "loss_value": 157.0,
    "comment": "Morbi porttitor lorem id ligula. Suspendisse ornare consequat lectus. In est risus, auctor sed, tristique in, tempus sit amet, sem. Fusce consequat. Nulla nisl.",
    "is_delete": false
  }
},
{
  "model": "lighthouse.manufacture",
  "pk": 129,
  "fields": {
    "created": "2019-05-10T19:02:34Z",
    "id_line": 0,
    "id_creator": 1,
    "id_formula": 8,
    "id_team_leader": 2,
    "prod_start": "2019-06-10T09:32:19Z",
    "prod_finish": null,
    "calc_value": 2534.0,
    "cur_state": 2,
    "out_value": 3562.0,
    "loss_value": 716.0,
    "comment": "Nunc rhoncus dui vel sem. Sed sagittis. Nam congue, risus semper porta volutpat, quam pede lobortis ligula, sit amet eleifend pede libero quis orci. Nullam molestie nibh in lectus. Pellentesque at nulla. Suspendisse potenti. Cras in purus eu magna vulputate luctus. Cum sociis natoque penatibus et magnis dis parturient montes, nascetur ridiculus mus.",
    "is_delete": true
  }
},
{
  "model": "lighthouse.manufacture",
  "pk": 130,
  "fields": {
    "created": "2019-04-27T10:11:18Z",
    "id_line": 2,
    "id_creator": 1,
    "id_formula": 1,
    "id_team_leader": 7,
    "prod_start": "2020-04-13T12:29:56Z",
    "prod_finish": null,
    "calc_value": 3741.0,
    "cur_state": 2,
    "out_value": 5407.0,
    "loss_value": 171.0,
    "comment": "Curabitur convallis. Duis consequat dui nec nisi volutpat eleifend. Donec ut dolor. Morbi vel lectus in quam fringilla rhoncus. Mauris enim leo, rhoncus sed, vestibulum sit amet, cursus id, turpis. Integer aliquet, massa id lobortis convallis, tortor risus dapibus augue, vel accumsan tellus nisi eu orci. Mauris lacinia sapien quis libero. Nullam sit amet turpis elementum ligula vehicula consequat. Morbi a ipsum.",
    "is_delete": true
  }
},
{
  "model": "lighthouse.manufacture",
  "pk": 131,
  "fields": {
    "created": "2020-04-09T01:46:09Z",
    "id_line": 1,
    "id_creator": 9,
    "id_formula": 2,
    "id_team_leader": 6,
    "prod_start": "2019-10-27T10:04:02Z",
    "prod_finish": "2019-08-06T06:22:01Z",
    "calc_value": 3350.0,
    "cur_state": 0,
    "out_value": 3114.0,
    "loss_value": 150.0,
    "comment": "Suspendisse potenti. Nullam porttitor lacus at turpis. Donec posuere metus vitae ipsum. Aliquam non mauris. Morbi non lectus. Aliquam sit amet diam in magna bibendum imperdiet. Nullam orci pede, venenatis non, sodales sed, tincidunt eu, felis. Fusce posuere felis sed lacus.",
    "is_delete": false
  }
},
{
  "model": "lighthouse.manufacture",
  "pk": 132,
  "fields": {
    "created": "2020-02-14T10:13:19Z",
    "id_line": 1,
    "id_creator": 9,
    "id_formula": 6,
    "id_team_leader": 7,
    "prod_start": "2019-06-30T09:09:17Z",
    "prod_finish": null,
    "calc_value": 1907.0,
    "cur_state": 1,
    "out_value": 4763.0,
    "loss_value": 697.0,
    "comment": "Curabitur gravida nisi at nibh. In hac habitasse platea dictumst. Aliquam augue quam, sollicitudin vitae, consectetuer eget, rutrum at, lorem. Integer tincidunt ante vel ipsum. Praesent blandit lacinia erat. Vestibulum sed magna at nunc commodo placerat. Praesent blandit. Nam nulla. Integer pede justo, lacinia eget, tincidunt eget, tempus vel, pede. Morbi porttitor lorem id ligula.",
    "is_delete": true
  }
},
{
  "model": "lighthouse.manufacture",
  "pk": 133,
  "fields": {
    "created": "2019-12-26T15:58:32Z",
    "id_line": 2,
    "id_creator": 1,
    "id_formula": 7,
    "id_team_leader": 4,
    "prod_start": "2020-02-21T04:03:02Z",
    "prod_finish": null,
    "calc_value": 4270.0,
    "cur_state": 2,
    "out_value": 3360.0,
    "loss_value": 477.0,
    "comment": "Morbi non quam nec dui luctus rutrum. Nulla tellus. In sagittis dui vel nisl. Duis ac nibh. Fusce lacus purus, aliquet at, feugiat non, pretium quis, lectus. Suspendisse potenti. In eleifend quam a odio. In hac habitasse platea dictumst.",
    "is_delete": false
  }
},
{
  "model": "lighthouse.manufacture",
  "pk": 134,
  "fields": {
    "created": "2020-03-20T09:44:07Z",
    "id_line": 0,
    "id_creator": 7,
    "id_formula": 1,
    "id_team_leader": 2,
    "prod_start": "2019-07-01T20:28:01Z",
    "prod_finish": null,
    "calc_value": 2549.0,
    "cur_state": 2,
    "out_value": 1121.0,
    "loss_value": 419.0,
    "comment": "Donec ut mauris eget massa tempor convallis. Nulla neque libero, convallis eget, eleifend luctus, ultricies eu, nibh. Quisque id justo sit amet sapien dignissim vestibulum. Vestibulum ante ipsum primis in faucibus orci luctus et ultrices posuere cubilia Curae; Nulla dapibus dolor vel est. Donec odio justo, sollicitudin ut, suscipit a, feugiat et, eros. Vestibulum ac est lacinia nisi venenatis tristique. Fusce congue, diam id ornare imperdiet, sapien urna pretium nisl, ut volutpat sapien arcu sed augue. Aliquam erat volutpat. In congue.",
    "is_delete": false
  }
},
{
  "model": "lighthouse.manufacture",
  "pk": 135,
  "fields": {
    "created": "2019-04-29T23:25:49Z",
    "id_line": 1,
    "id_creator": 5,
    "id_formula": 8,
    "id_team_leader": 10,
    "prod_start": "2019-04-28T05:54:59Z",
    "prod_finish": null,
    "calc_value": 4489.0,
    "cur_state": 2,
    "out_value": 2364.0,
    "loss_value": 452.0,
    "comment": "Donec vitae nisi. Nam ultrices, libero non mattis pulvinar, nulla pede ullamcorper augue, a suscipit nulla elit ac nulla. Sed vel enim sit amet nunc viverra dapibus. Nulla suscipit ligula in lacus. Curabitur at ipsum ac tellus semper interdum. Mauris ullamcorper purus sit amet nulla. Quisque arcu libero, rutrum ac, lobortis vel, dapibus at, diam. Nam tristique tortor eu pede.",
    "is_delete": false
  }
},
{
  "model": "lighthouse.manufacture",
  "pk": 136,
  "fields": {
    "created": "2019-09-09T10:39:54Z",
    "id_line": 0,
    "id_creator": 7,
    "id_formula": 5,
    "id_team_leader": 3,
    "prod_start": "2020-03-17T09:51:13Z",
    "prod_finish": null,
    "calc_value": 3313.0,
    "cur_state": 1,
    "out_value": 7192.0,
    "loss_value": 362.0,
    "comment": "Integer aliquet, massa id lobortis convallis, tortor risus dapibus augue, vel accumsan tellus nisi eu orci. Mauris lacinia sapien quis libero. Nullam sit amet turpis elementum ligula vehicula consequat. Morbi a ipsum. Integer a nibh. In quis justo. Maecenas rhoncus aliquam lacus. Morbi quis tortor id nulla ultrices aliquet. Maecenas leo odio, condimentum id, luctus nec, molestie sed, justo. Pellentesque viverra pede ac diam.",
    "is_delete": true
  }
},
{
  "model": "lighthouse.manufacture",
  "pk": 137,
  "fields": {
    "created": "2020-04-06T14:03:59Z",
    "id_line": 0,
    "id_creator": 1,
    "id_formula": 1,
    "id_team_leader": 2,
    "prod_start": "2019-07-27T20:48:04Z",
    "prod_finish": null,
    "calc_value": 2014.0,
    "cur_state": 1,
    "out_value": 6893.0,
    "loss_value": 509.0,
    "comment": "Integer tincidunt ante vel ipsum. Praesent blandit lacinia erat. Vestibulum sed magna at nunc commodo placerat. Praesent blandit. Nam nulla.",
    "is_delete": true
  }
},
{
  "model": "lighthouse.manufacture",
  "pk": 140,
  "fields": {
    "created": "2020-04-20T01:09:12.331Z",
    "id_line": 1,
    "id_creator": 9,
    "id_formula": 5,
    "id_team_leader": 8,
    "prod_start": "2019-04-27T23:54:41Z",
    "prod_finish": null,
    "calc_value": 0.0,
    "cur_state": 0,
    "out_value": 23.0,
    "loss_value": 45.0,
    "comment": "\u041a\u043e\u043c\u043c\u0435\u043d\u0442\u0430\u0440\u0438\u0439 \u0434\u043b\u044f \u043f\u0440\u043e\u0438\u0437\u0432\u043e\u0434\u0441\u0442\u0432\u0435\u043d\u043d\u043e\u0439 \u043a\u0430\u0440\u0442\u044b",
    "is_delete": false
  }
},
{
  "model": "lighthouse.manufacture",
  "pk": 141,
  "fields": {
    "created": "2020-04-20T01:09:40.685Z",
    "id_line": 1,
    "id_creator": 9,
    "id_formula": 5,
    "id_team_leader": 8,
    "prod_start": "2019-04-27T23:54:41Z",
    "prod_finish": null,
    "calc_value": 0.0,
    "cur_state": 0,
    "out_value": 23.0,
    "loss_value": 45.0,
    "comment": "\u041a\u043e\u043c\u043c\u0435\u043d\u0442\u0430\u0440\u0438\u0439 \u0434\u043b\u044f \u043f\u0440\u043e\u0438\u0437\u0432\u043e\u0434\u0441\u0442\u0432\u0435\u043d\u043d\u043e\u0439 \u043a\u0430\u0440\u0442\u044b",
    "is_delete": false
  }
},
{
  "model": "lighthouse.manufacture",
  "pk": 142,
  "fields": {
    "created": "2020-04-20T01:18:43.401Z",
    "id_line": 1,
    "id_creator": 9,
    "id_formula": 5,
    "id_team_leader": 8,
    "prod_start": "2019-04-27T23:54:41Z",
    "prod_finish": null,
    "calc_value": 12.0,
    "cur_state": 0,
    "out_value": 23.0,
    "loss_value": 45.0,
    "comment": "\u041a\u043e\u043c\u043c\u0435\u043d\u0442\u0430\u0440\u0438\u0439 \u0434\u043b\u044f \u043f\u0440\u043e\u0438\u0437\u0432\u043e\u0434\u0441\u0442\u0432\u0435\u043d\u043d\u043e\u0439 \u043a\u0430\u0440\u0442\u044b",
    "is_delete": false
  }
},
{
  "model": "lighthouse.manufacture",
  "pk": 143,
  "fields": {
    "created": "2020-04-20T06:19:03.302Z",
    "id_line": 1,
    "id_creator": 9,
    "id_formula": 5,
    "id_team_leader": 8,
    "prod_start": "2019-04-27T23:54:41Z",
    "prod_finish": null,
    "calc_value": 1.0,
    "cur_state": 0,
    "out_value": 2.0,
    "loss_value": 3.0,
    "comment": "Nam dui. Proin leo odio, porttitor id, consequat in, consequat ut, nulla. Sed accumsan felis. Ut at dolor quis odio consequat varius. Integer ac leo.",
    "is_delete": false
  }
},
{
  "model": "lighthouse.prodteam",
  "pk": 1,
  "fields": {
    "id_employee": 1,
    "id_manufacture": 117,
    "period_start": "2020-04-19T16:42:11.429Z",
    "period_end": null
  }
},
{
  "model": "lighthouse.prodteam",
  "pk": 2,
  "fields": {
    "id_employee": 2,
    "id_manufacture": 117,
    "period_start": "2020-04-19T16:42:14.364Z",
    "period_end": null
  }
},
{
  "model": "lighthouse.prodteam",
  "pk": 3,
  "fields": {
    "id_employee": 3,
    "id_manufacture": 117,
    "period_start": "2020-04-19T16:42:16.004Z",
    "period_end": null
  }
},
{
  "model": "lighthouse.prodteam",
  "pk": 4,
  "fields": {
    "id_employee": 4,
    "id_manufacture": 117,
    "period_start": "2020-04-19T16:42:16.997Z",
    "period_end": null
  }
},
{
  "model": "lighthouse.prodteam",
  "pk": 5,
  "fields": {
    "id_employee": 5,
    "id_manufacture": 117,
    "period_start": "2020-04-19T16:42:18.267Z",
    "period_end": null
  }
},
{
  "model": "lighthouse.prodteam",
  "pk": 6,
  "fields": {
    "id_employee": 6,
    "id_manufacture": 117,
    "period_start": "2020-04-19T16:42:19.284Z",
    "period_end": null
  }
},
{
  "model": "lighthouse.prodteam",
  "pk": 7,
  "fields": {
    "id_employee": 1,
    "id_manufacture": 117,
    "period_start": "2020-04-19T16:42:11.429Z",
    "period_end": null
  }
},
{
  "model": "lighthouse.prodteam",
  "pk": 8,
  "fields": {
    "id_employee": 2,
    "id_manufacture": 117,
    "period_start": "2020-04-19T16:42:14.364Z",
    "period_end": null
  }
},
{
  "model": "lighthouse.prodteam",
  "pk": 9,
  "fields": {
    "id_employee": 3,
    "id_manufacture": 117,
    "period_start": "2020-04-19T16:42:16.004Z",
    "period_end": null
  }
},
{
  "model": "lighthouse.prodteam",
  "pk": 10,
  "fields": {
    "id_employee": 4,
    "id_manufacture": 117,
    "period_start": "2020-04-19T16:42:16.997Z",
    "period_end": null
  }
},
{
  "model": "lighthouse.prodteam",
  "pk": 11,
  "fields": {
    "id_employee": 5,
    "id_manufacture": 117,
    "period_start": "2020-04-19T16:42:18.267Z",
    "period_end": null
  }
},
{
  "model": "lighthouse.prodteam",
  "pk": 12,
  "fields": {
    "id_employee": 6,
    "id_manufacture": 117,
    "period_start": "2020-04-19T16:42:19.284Z",
    "period_end": null
  }
},
{
  "model": "lighthouse.prodcalc",
  "pk": 8,
  "fields": {
    "id_manufacture": 117,
    "id_raw": 5,
    "calc_value": 555.0
  }
},
{
  "model": "lighthouse.prodcalc",
  "pk": 9,
  "fields": {
    "id_manufacture": 117,
    "id_raw": 5,
    "calc_value": 777.0
  }
},
{
  "model": "lighthouse.prodcalc",
  "pk": 10,
  "fields": {
    "id_manufacture": 117,
    "id_raw": 5,
    "calc_value": 555.0
  }
},
{
  "model": "lighthouse.client",
  "pk": 5,
  "fields": {
    "created": "2020-04-11T10:32:50.867Z",
    "clientname": "\u0418\u041f \u0421\u0435\u0439\u0442\u043a\u0430\u0437\u0438\u043d \u041d.\u0410",
    "contact_employee": "\u0421\u0435\u0439\u0442\u043a\u0430\u0437\u0438\u043d \u041d\u0443\u0440\u0431\u0435\u043a",
    "id_agent": 1,
    "addr_reg": "\u0410\u043a\u0441\u0443, \u0410\u0441\u0442\u0430\u043d\u0430 90",
    "contact_phone": "56-236-2",
    "contact_email": "seyt@mail.kz",
    "contact_fax": null,
    "req_bin": null,
    "req_account": null,
    "req_bank": null,
    "req_bik": null,
    "comment": "\u041f\u0440\u043e\u0441\u0442\u043e\u0439 \u043a\u043e\u043c\u043c\u0435\u043d\u0442\u0430\u0440\u0438\u0439",
    "clientid": null,
    "deleted": false
  }
},
{
  "model": "lighthouse.client",
  "pk": 108,
  "fields": {
    "created": "2020-07-20T01:17:49Z",
    "clientname": "Risus Duis A Ltd",
    "contact_employee": "Orlando Rowe",
    "id_agent": 1,
    "addr_reg": "P.O. Box 201, 7571 Lorem, Road",
    "contact_phone": "1-675-973-1850",
    "contact_email": "Nunc.ullamcorper@aliquet.co.uk",
    "contact_fax": null,
    "req_bin": null,
    "req_account": null,
    "req_bank": null,
    "req_bik": null,
    "comment": "mauris erat eget ipsum. Suspendisse sagittis. Nullam vitae diam. Proin dolor. Nulla semper tellus id",
    "clientid": "8284",
    "deleted": false
  }
},
{
  "model": "lighthouse.client",
  "pk": 109,
  "fields": {
    "created": "2020-12-01T10:51:39Z",
    "clientname": "Fringilla Donec Associates",
    "contact_employee": "Rogan Barnes",
    "id_agent": 1,
    "addr_reg": "9830 Turpis. Ave",
    "contact_phone": "1-576-918-5256",
    "contact_email": "interdum@ettristique.com",
    "contact_fax": null,
    "req_bin": null,
    "req_account": null,
    "req_bank": null,
    "req_bik": null,
    "comment": "pede, malesuada vel, venenatis vel, faucibus id, libero. Donec consectetuer mauris id sapien. Cras dolor dolor,",
    "clientid": "5879",
    "deleted": false
  }
},
{
  "model": "lighthouse.client",
  "pk": 110,
  "fields": {
    "created": "2020-05-19T19:53:04Z",
    "clientname": "Vulputate Risus A Limited",
    "contact_employee": "Cade Aguilar",
    "id_agent": 1,
    "addr_reg": "P.O. Box 756, 2743 Feugiat. Rd.",
    "contact_phone": "1-668-798-2837",
    "contact_email": "lectus@aliquamarcu.com",
    "contact_fax": null,
    "req_bin": null,
    "req_account": null,
    "req_bank": null,
    "req_bik": null,
    "comment": "euismod ac, fermentum vel, mauris. Integer sem elit, pharetra ut, pharetra sed, hendrerit a, arcu. Sed et libero.",
    "clientid": "5365",
    "deleted": false
  }
},
{
  "model": "lighthouse.client",
  "pk": 111,
  "fields": {
    "created": "2020-04-03T21:52:01Z",
    "clientname": "Ornare Limited",
    "contact_employee": "Ryan Richmond",
    "id_agent": 1,
    "addr_reg": "Ap #428-5516 Per St.",
    "contact_phone": "1-679-613-2850",
    "contact_email": "gravida@eget.ca",
    "contact_fax": null,
    "req_bin": null,
    "req_account": null,
    "req_bank": null,
    "req_bik": null,
    "comment": "sed, facilisis vitae, orci. Phasellus dapibus quam quis diam. Pellentesque habitant morbi tristique senectus et netus et malesuada fames ac",
    "clientid": "6899",
    "deleted": false
  }
},
{
  "model": "lighthouse.client",
  "pk": 112,
  "fields": {
    "created": "2019-09-20T13:26:52Z",
    "clientname": "Lacinia Vitae Corporation",
    "contact_employee": "Kibo Munoz",
    "id_agent": 1,
    "addr_reg": "P.O. Box 643, 6475 Libero. Rd.",
    "contact_phone": "1-349-795-2441",
    "contact_email": "blandit.at@viverra.org",
    "contact_fax": null,
    "req_bin": null,
    "req_account": null,
    "req_bank": null,
    "req_bik": null,
    "comment": "vel pede blandit congue. In scelerisque scelerisque dui. Suspendisse ac metus vitae velit egestas lacinia. Sed congue, elit sed",
    "clientid": "7571",
    "deleted": false
  }
},
{
  "model": "lighthouse.client",
  "pk": 113,
  "fields": {
    "created": "2020-11-30T07:28:16Z",
    "clientname": "Ridiculus Inc.",
    "contact_employee": "Raja Todd",
    "id_agent": 1,
    "addr_reg": "521-3899 Enim Avenue",
    "contact_phone": "1-232-165-6634",
    "contact_email": "nunc.id.enim@nonfeugiat.co.uk",
    "contact_fax": null,
    "req_bin": null,
    "req_account": null,
    "req_bank": null,
    "req_bik": null,
    "comment": "Nunc lectus pede, ultrices a, auctor non, feugiat nec, diam. Duis mi enim,",
    "clientid": "3588",
    "deleted": false
  }
},
{
  "model": "lighthouse.client",
  "pk": 114,
  "fields": {
    "created": "2020-08-03T08:29:41Z",
    "clientname": "Diam Corporation",
    "contact_employee": "Dane Dillard",
    "id_agent": 1,
    "addr_reg": "Ap #526-1187 Fusce Ave",
    "contact_phone": "1-257-788-9882",
    "contact_email": "Mauris.nulla@Aliquamrutrumlorem.ca",
    "contact_fax": null,
    "req_bin": null,
    "req_account": null,
    "req_bank": null,
    "req_bik": null,
    "comment": "egestas. Duis ac arcu. Nunc mauris. Morbi non sapien molestie orci tincidunt adipiscing. Mauris molestie pharetra nibh. Aliquam ornare,",
    "clientid": "7430",
    "deleted": false
  }
},
{
  "model": "lighthouse.client",
  "pk": 115,
  "fields": {
    "created": "2021-03-01T09:46:53Z",
    "clientname": "Faucibus Leo Company",
    "contact_employee": "Ray Moon",
    "id_agent": 1,
    "addr_reg": "786-2273 Aliquam Rd.",
    "contact_phone": "1-253-452-4783",
    "contact_email": "ut.pellentesque.eget@scelerisquesed.co.uk",
    "contact_fax": null,
    "req_bin": null,
    "req_account": null,
    "req_bank": null,
    "req_bik": null,
    "comment": "Mauris ut quam vel sapien imperdiet ornare. In faucibus. Morbi vehicula. Pellentesque tincidunt tempus",
    "clientid": "5594",
    "deleted": false
  }
},
{
  "model": "lighthouse.client",
  "pk": 116,
  "fields": {
    "created": "2020-05-31T08:34:02Z",
    "clientname": "Pede Foundation",
    "contact_employee": "Rudyard Watson",
    "id_agent": 1,
    "addr_reg": "8420 Ac, Road",
    "contact_phone": "1-534-597-1524",
    "contact_email": "nonummy.Fusce.fermentum@purus.ca",
    "contact_fax": null,
    "req_bin": null,
    "req_account": null,
    "req_bank": null,
    "req_bik": null,
    "comment": "odio sagittis semper. Nam tempor diam dictum sapien. Aenean massa. Integer vitae nibh. Donec est mauris, rhoncus id, mollis",
    "clientid": "7314",
    "deleted": false
  }
},
{
  "model": "lighthouse.client",
  "pk": 117,
  "fields": {
    "created": "2019-05-02T19:09:35Z",
    "clientname": "Ipsum Ac LLC",
    "contact_employee": "Samuel Malone",
    "id_agent": 1,
    "addr_reg": "P.O. Box 225, 555 Nunc Street",
    "contact_phone": "1-940-476-4200",
    "contact_email": "ante.Maecenas.mi@nuncac.com",
    "contact_fax": null,
    "req_bin": null,
    "req_account": null,
    "req_bank": null,
    "req_bik": null,
    "comment": "Maecenas mi felis, adipiscing fringilla, porttitor vulputate, posuere vulputate, lacus. Cras interdum.",
    "clientid": "8121",
    "deleted": false
  }
},
{
  "model": "lighthouse.client",
  "pk": 118,
  "fields": {
    "created": "2019-10-19T00:03:35Z",
    "clientname": "Mauris Industries",
    "contact_employee": "Dieter Sloan",
    "id_agent": 1,
    "addr_reg": "Ap #857-4014 Nisi Street",
    "contact_phone": "1-696-851-5640",
    "contact_email": "elit.pellentesque.a@tempusscelerisque.org",
    "contact_fax": null,
    "req_bin": null,
    "req_account": null,
    "req_bank": null,
    "req_bik": null,
    "comment": "facilisis non, bibendum sed, est. Nunc laoreet lectus quis massa. Mauris vestibulum, neque sed dictum eleifend, nunc risus",
    "clientid": "8808",
    "deleted": false
  }
},
{
  "model": "lighthouse.client",
  "pk": 119,
  "fields": {
    "created": "2021-03-20T21:07:54Z",
    "clientname": "Dolor Institute",
    "contact_employee": "Ferdinand Roberson",
    "id_agent": 1,
    "addr_reg": "P.O. Box 478, 1732 Mauris Rd.",
    "contact_phone": "1-366-841-4638",
    "contact_email": "sit@arcuimperdietullamcorper.edu",
    "contact_fax": null,
    "req_bin": null,
    "req_account": null,
    "req_bank": null,
    "req_bik": null,
    "comment": "augue eu tellus. Phasellus elit pede, malesuada vel, venenatis vel,",
    "clientid": "7596",
    "deleted": true
  }
},
{
  "model": "lighthouse.client",
  "pk": 120,
  "fields": {
    "created": "2020-12-10T14:23:03Z",
    "clientname": "Elit Pede PC",
    "contact_employee": "Nathaniel Nixon",
    "id_agent": 1,
    "addr_reg": "5963 Nec Road",
    "contact_phone": "1-957-265-3881",
    "contact_email": "dolor.Donec.fringilla@orci.com",
    "contact_fax": null,
    "req_bin": null,
    "req_account": null,
    "req_bank": null,
    "req_bik": null,
    "comment": "tincidunt. Donec vitae erat vel pede blandit congue. In scelerisque scelerisque dui. Suspendisse ac metus vitae",
    "clientid": "8933",
    "deleted": false
  }
},
{
  "model": "lighthouse.client",
  "pk": 121,
  "fields": {
    "created": "2020-12-07T22:25:35Z",
    "clientname": "Dui Quis Accumsan Ltd",
    "contact_employee": "Slade Fitzgerald",
    "id_agent": 1,
    "addr_reg": "915-368 Mi Ave",
    "contact_phone": "1-934-224-8502",
    "contact_email": "placerat.velit.Quisque@auguescelerisque.edu",
    "contact_fax": null,
    "req_bin": null,
    "req_account": null,
    "req_bank": null,
    "req_bik": null,
    "comment": "Fusce dolor quam, elementum at, egestas a, scelerisque sed, sapien. Nunc pulvinar arcu",
    "clientid": "2330",
    "deleted": false
  }
},
{
  "model": "lighthouse.client",
  "pk": 122,
  "fields": {
    "created": "2020-11-09T06:39:12Z",
    "clientname": "Molestie Sodales Corporation",
    "contact_employee": "Nash Justice",
    "id_agent": 1,
    "addr_reg": "P.O. Box 491, 3593 Amet Av.",
    "contact_phone": "1-613-529-2541",
    "contact_email": "non.ante@malesuada.co.uk",
    "contact_fax": null,
    "req_bin": null,
    "req_account": null,
    "req_bank": null,
    "req_bik": null,
    "comment": "semper, dui lectus rutrum urna, nec luctus felis purus ac tellus. Suspendisse",
    "clientid": "2843",
    "deleted": false
  }
},
{
  "model": "lighthouse.client",
  "pk": 123,
  "fields": {
    "created": "2019-11-11T19:50:41Z",
    "clientname": "Elit Pede Malesuada Corp.",
    "contact_employee": "Geoffrey Walsh",
    "id_agent": 1,
    "addr_reg": "Ap #215-9547 Quam St.",
    "contact_phone": "1-333-297-6434",
    "contact_email": "eros@Aliquamerat.co.uk",
    "contact_fax": null,
    "req_bin": null,
    "req_account": null,
    "req_bank": null,
    "req_bik": null,
    "comment": "dignissim magna a tortor. Nunc commodo auctor velit. Aliquam nisl.",
    "clientid": "9369",
    "deleted": false
  }
},
{
  "model": "lighthouse.client",
  "pk": 124,
  "fields": {
    "created": "2019-12-29T01:22:18Z",
    "clientname": "Vivamus Nibh Dolor PC",
    "contact_employee": "Geoffrey Mccray",
    "id_agent": 1,
    "addr_reg": "384-6200 Ante, Rd.",
    "contact_phone": "1-796-409-3220",
    "contact_email": "amet.massa@nuncInat.co.uk",
    "contact_fax": null,
    "req_bin": null,
    "req_account": null,
    "req_bank": null,
    "req_bik": null,
    "comment": "nec quam. Curabitur vel lectus. Cum sociis natoque penatibus et magnis dis parturient montes, nascetur ridiculus mus. Donec dignissim",
    "clientid": "6179",
    "deleted": false
  }
},
{
  "model": "lighthouse.client",
  "pk": 125,
  "fields": {
    "created": "2020-03-17T06:44:29Z",
    "clientname": "Enim Mauris Corp.",
    "contact_employee": "Uriah Nieves",
    "id_agent": 1,
    "addr_reg": "417-7648 Luctus Road",
    "contact_phone": "1-160-648-8734",
    "contact_email": "et@vitae.com",
    "contact_fax": null,
    "req_bin": null,
    "req_account": null,
    "req_bank": null,
    "req_bik": null,
    "comment": "justo sit amet nulla. Donec non justo. Proin non massa non",
    "clientid": "7359",
    "deleted": false
  }
},
{
  "model": "lighthouse.client",
  "pk": 126,
  "fields": {
    "created": "2019-06-15T12:51:49Z",
    "clientname": "Sapien Gravida Non Inc.",
    "contact_employee": "Cole Colon",
    "id_agent": 1,
    "addr_reg": "P.O. Box 151, 418 Fermentum Road",
    "contact_phone": "1-192-270-6719",
    "contact_email": "penatibus@miloremvehicula.co.uk",
    "contact_fax": null,
    "req_bin": null,
    "req_account": null,
    "req_bank": null,
    "req_bik": null,
    "comment": "ipsum dolor sit amet, consectetuer adipiscing elit. Etiam laoreet, libero",
    "clientid": "6678",
    "deleted": false
  }
},
{
  "model": "lighthouse.client",
  "pk": 127,
  "fields": {
    "created": "2020-10-02T21:34:32Z",
    "clientname": "Volutpat LLP",
    "contact_employee": "Bradley Stokes",
    "id_agent": 1,
    "addr_reg": "3389 Varius Rd.",
    "contact_phone": "1-633-524-6026",
    "contact_email": "Proin.mi.Aliquam@magnis.org",
    "contact_fax": null,
    "req_bin": null,
    "req_account": null,
    "req_bank": null,
    "req_bik": null,
    "comment": "mollis lectus pede et risus. Quisque libero lacus, varius et, euismod et,",
    "clientid": "7532",
    "deleted": false
  }
},
{
  "model": "lighthouse.client",
  "pk": 128,
  "fields": {
    "created": "2019-09-23T23:29:17Z",
    "clientname": "Arcu Industries",
    "contact_employee": "Anthony Jefferson",
    "id_agent": 1,
    "addr_reg": "P.O. Box 929, 2368 Donec Avenue",
    "contact_phone": "1-737-826-9374",
    "contact_email": "diam@vulputaterisus.co.uk",
    "contact_fax": null,
    "req_bin": null,
    "req_account": null,
    "req_bank": null,
    "req_bik": null,
    "comment": "cursus vestibulum. Mauris magna. Duis dignissim tempor arcu. Vestibulum ut eros non enim",
    "clientid": "8547",
    "deleted": true
  }
},
{
  "model": "lighthouse.client",
  "pk": 129,
  "fields": {
    "created": "2020-03-18T15:25:13Z",
    "clientname": "Non Arcu Foundation",
    "contact_employee": "Kadeem Todd",
    "id_agent": 1,
    "addr_reg": "Ap #698-4880 Quisque St.",
    "contact_phone": "1-704-334-7011",
    "contact_email": "nunc.Quisque.ornare@faucibus.co.uk",
    "contact_fax": null,
    "req_bin": null,
    "req_account": null,
    "req_bank": null,
    "req_bik": null,
    "comment": "arcu. Vestibulum ante ipsum primis in faucibus orci luctus et ultrices posuere cubilia",
    "clientid": "6873",
    "deleted": false
  }
},
{
  "model": "lighthouse.client",
  "pk": 130,
  "fields": {
    "created": "2019-09-26T15:23:50Z",
    "clientname": "Ultricies Dignissim Incorporated",
    "contact_employee": "Tate Short",
    "id_agent": 1,
    "addr_reg": "Ap #707-6687 Leo, Rd.",
    "contact_phone": "1-526-865-9148",
    "contact_email": "non.arcu.Vivamus@molestie.com",
    "contact_fax": null,
    "req_bin": null,
    "req_account": null,
    "req_bank": null,
    "req_bik": null,
    "comment": "Donec non justo. Proin non massa non ante bibendum ullamcorper. Duis cursus, diam at pretium",
    "clientid": "2546",
    "deleted": false
  }
},
{
  "model": "lighthouse.client",
  "pk": 131,
  "fields": {
    "created": "2020-04-30T05:14:13Z",
    "clientname": "Elit Fermentum Industries",
    "contact_employee": "Robert Solis",
    "id_agent": 1,
    "addr_reg": "P.O. Box 732, 9564 Nibh Rd.",
    "contact_phone": "1-542-602-9412",
    "contact_email": "mi.lacinia@Aliquamornarelibero.co.uk",
    "contact_fax": null,
    "req_bin": null,
    "req_account": null,
    "req_bank": null,
    "req_bik": null,
    "comment": "sagittis lobortis mauris. Suspendisse aliquet molestie tellus. Aenean egestas hendrerit neque. In ornare sagittis",
    "clientid": "6147",
    "deleted": false
  }
},
{
  "model": "lighthouse.client",
  "pk": 132,
  "fields": {
    "created": "2020-10-04T04:02:05Z",
    "clientname": "Nunc Mauris Morbi Industries",
    "contact_employee": "Dylan Conner",
    "id_agent": 1,
    "addr_reg": "6253 Non, Road",
    "contact_phone": "1-185-190-3795",
    "contact_email": "quam.vel@eratSednunc.net",
    "contact_fax": null,
    "req_bin": null,
    "req_account": null,
    "req_bank": null,
    "req_bik": null,
    "comment": "auctor quis, tristique ac, eleifend vitae, erat. Vivamus nisi. Mauris nulla. Integer urna. Vivamus",
    "clientid": "4451",
    "deleted": false
  }
},
{
  "model": "lighthouse.client",
  "pk": 133,
  "fields": {
    "created": "2020-08-16T18:36:53Z",
    "clientname": "Ut Inc.",
    "contact_employee": "Eric Golden",
    "id_agent": 1,
    "addr_reg": "939-3406 Neque Street",
    "contact_phone": "1-736-842-7116",
    "contact_email": "interdum.feugiat@mitemporlorem.com",
    "contact_fax": null,
    "req_bin": null,
    "req_account": null,
    "req_bank": null,
    "req_bik": null,
    "comment": "eros. Nam consequat dolor vitae dolor. Donec fringilla. Donec feugiat metus sit amet ante. Vivamus",
    "clientid": "8398",
    "deleted": false
  }
},
{
  "model": "lighthouse.client",
  "pk": 134,
  "fields": {
    "created": "2020-04-01T21:46:07Z",
    "clientname": "Mauris Nulla Integer Consulting",
    "contact_employee": "Matthew Cochran",
    "id_agent": 1,
    "addr_reg": "Ap #286-8352 Elementum St.",
    "contact_phone": "1-250-101-9749",
    "contact_email": "Quisque.ornare.tortor@convallis.org",
    "contact_fax": null,
    "req_bin": null,
    "req_account": null,
    "req_bank": null,
    "req_bik": null,
    "comment": "non justo. Proin non massa non ante bibendum ullamcorper. Duis cursus, diam at pretium aliquet, metus urna",
    "clientid": "8569",
    "deleted": false
  }
},
{
  "model": "lighthouse.client",
  "pk": 135,
  "fields": {
    "created": "2020-07-25T08:16:21Z",
    "clientname": "Tempor Company",
    "contact_employee": "Ashton Aguirre",
    "id_agent": 1,
    "addr_reg": "Ap #566-1015 Per Avenue",
    "contact_phone": "1-925-886-5499",
    "contact_email": "Nulla.semper@consequatlectus.org",
    "contact_fax": null,
    "req_bin": null,
    "req_account": null,
    "req_bank": null,
    "req_bik": null,
    "comment": "lorem vitae odio sagittis semper. Nam tempor diam dictum sapien. Aenean massa. Integer vitae",
    "clientid": "2773",
    "deleted": false
  }
},
{
  "model": "lighthouse.client",
  "pk": 136,
  "fields": {
    "created": "2019-12-08T02:58:08Z",
    "clientname": "Rhoncus Proin Nisl Industries",
    "contact_employee": "Omar Campos",
    "id_agent": 1,
    "addr_reg": "Ap #266-6469 Volutpat Road",
    "contact_phone": "1-973-778-7981",
    "contact_email": "scelerisque.neque.sed@nonummy.co.uk",
    "contact_fax": null,
    "req_bin": null,
    "req_account": null,
    "req_bank": null,
    "req_bik": null,
    "comment": "eget, volutpat ornare, facilisis eget, ipsum. Donec sollicitudin adipiscing ligula. Aenean gravida nunc sed pede. Cum sociis natoque penatibus et",
    "clientid": "8048",
    "deleted": false
  }
},
{
  "model": "lighthouse.client",
  "pk": 137,
  "fields": {
    "created": "2021-01-22T23:39:49Z",
    "clientname": "Quisque Ornare Associates",
    "contact_employee": "Allen Atkins",
    "id_agent": 1,
    "addr_reg": "P.O. Box 115, 9779 Commodo Av.",
    "contact_phone": "1-680-422-2878",
    "contact_email": "lacinia@malesuadaiderat.org",
    "contact_fax": null,
    "req_bin": null,
    "req_account": null,
    "req_bank": null,
    "req_bik": null,
    "comment": "nec ligula consectetuer rhoncus. Nullam velit dui, semper et, lacinia vitae, sodales at, velit. Pellentesque ultricies dignissim lacus. Aliquam rutrum",
    "clientid": "5201",
    "deleted": false
  }
},
{
  "model": "lighthouse.client",
  "pk": 138,
  "fields": {
    "created": "2020-02-20T00:35:20Z",
    "clientname": "Eleifend Corporation",
    "contact_employee": "Upton Barton",
    "id_agent": 1,
    "addr_reg": "260-9704 Malesuada Street",
    "contact_phone": "1-970-136-7085",
    "contact_email": "nonummy.ultricies.ornare@consequat.net",
    "contact_fax": null,
    "req_bin": null,
    "req_account": null,
    "req_bank": null,
    "req_bik": null,
    "comment": "molestie orci tincidunt adipiscing. Mauris molestie pharetra nibh. Aliquam ornare, libero at auctor ullamcorper,",
    "clientid": "4285",
    "deleted": false
  }
},
{
  "model": "lighthouse.client",
  "pk": 139,
  "fields": {
    "created": "2020-01-24T22:05:36Z",
    "clientname": "Massa Rutrum Ltd",
    "contact_employee": "Aidan Mejia",
    "id_agent": 1,
    "addr_reg": "6308 Nam Street",
    "contact_phone": "1-817-301-6229",
    "contact_email": "nonummy@eget.ca",
    "contact_fax": null,
    "req_bin": null,
    "req_account": null,
    "req_bank": null,
    "req_bik": null,
    "comment": "lectus rutrum urna, nec luctus felis purus ac tellus. Suspendisse sed dolor.",
    "clientid": "4487",
    "deleted": false
  }
},
{
  "model": "lighthouse.client",
  "pk": 140,
  "fields": {
    "created": "2019-08-18T20:34:17Z",
    "clientname": "Justo Corp.",
    "contact_employee": "Phillip Bryant",
    "id_agent": 1,
    "addr_reg": "P.O. Box 303, 5564 Urna. Street",
    "contact_phone": "1-355-258-6115",
    "contact_email": "sem.mollis@Phasellusdapibusquam.ca",
    "contact_fax": null,
    "req_bin": null,
    "req_account": null,
    "req_bank": null,
    "req_bik": null,
    "comment": "euismod mauris eu elit. Nulla facilisi. Sed neque. Sed eget lacus. Mauris",
    "clientid": "5070",
    "deleted": false
  }
},
{
  "model": "lighthouse.client",
  "pk": 141,
  "fields": {
    "created": "2020-01-29T21:56:50Z",
    "clientname": "Arcu Corporation",
    "contact_employee": "Davis Tran",
    "id_agent": 1,
    "addr_reg": "681-774 Volutpat Av.",
    "contact_phone": "1-223-818-8138",
    "contact_email": "neque.sed@porta.net",
    "contact_fax": null,
    "req_bin": null,
    "req_account": null,
    "req_bank": null,
    "req_bik": null,
    "comment": "facilisis non, bibendum sed, est. Nunc laoreet lectus quis massa. Mauris vestibulum, neque sed dictum eleifend, nunc risus",
    "clientid": "8238",
    "deleted": true
  }
},
{
  "model": "lighthouse.client",
  "pk": 142,
  "fields": {
    "created": "2021-04-09T18:50:10Z",
    "clientname": "Fringilla Mi Lacinia Limited",
    "contact_employee": "Upton Alvarado",
    "id_agent": 1,
    "addr_reg": "136-5362 Eget, Street",
    "contact_phone": "1-787-360-2252",
    "contact_email": "per.inceptos.hymenaeos@neque.com",
    "contact_fax": null,
    "req_bin": null,
    "req_account": null,
    "req_bank": null,
    "req_bik": null,
    "comment": "mauris sagittis placerat. Cras dictum ultricies ligula. Nullam enim. Sed nulla ante, iaculis",
    "clientid": "3861",
    "deleted": false
  }
},
{
  "model": "lighthouse.client",
  "pk": 143,
  "fields": {
    "created": "2019-11-13T03:39:30Z",
    "clientname": "Erat Incorporated",
    "contact_employee": "Abdul Jackson",
    "id_agent": 1,
    "addr_reg": "Ap #911-4458 Magna St.",
    "contact_phone": "1-650-154-1983",
    "contact_email": "libero.est.congue@nisisemsemper.com",
    "contact_fax": null,
    "req_bin": null,
    "req_account": null,
    "req_bank": null,
    "req_bik": null,
    "comment": "nulla. Integer vulputate, risus a ultricies adipiscing, enim mi tempor",
    "clientid": "7052",
    "deleted": false
  }
},
{
  "model": "lighthouse.client",
  "pk": 144,
  "fields": {
    "created": "2019-05-12T16:09:53Z",
    "clientname": "In LLP",
    "contact_employee": "Cody Strickland",
    "id_agent": 1,
    "addr_reg": "879 Gravida. Avenue",
    "contact_phone": "1-868-238-9644",
    "contact_email": "velit.dui@nuncQuisque.org",
    "contact_fax": null,
    "req_bin": null,
    "req_account": null,
    "req_bank": null,
    "req_bik": null,
    "comment": "ipsum leo elementum sem, vitae aliquam eros turpis non enim. Mauris quis turpis vitae purus",
    "clientid": "1924",
    "deleted": false
  }
},
{
  "model": "lighthouse.client",
  "pk": 145,
  "fields": {
    "created": "2019-06-11T02:04:40Z",
    "clientname": "Eu Corp.",
    "contact_employee": "Tiger Gill",
    "id_agent": 1,
    "addr_reg": "P.O. Box 338, 5395 Mauris Rd.",
    "contact_phone": "1-914-789-4162",
    "contact_email": "et.ultrices.posuere@rutrumurna.ca",
    "contact_fax": null,
    "req_bin": null,
    "req_account": null,
    "req_bank": null,
    "req_bik": null,
    "comment": "nunc sed pede. Cum sociis natoque penatibus et magnis dis parturient montes, nascetur ridiculus",
    "clientid": "6601",
    "deleted": false
  }
},
{
  "model": "lighthouse.client",
  "pk": 146,
  "fields": {
    "created": "2020-05-03T16:17:46Z",
    "clientname": "Nec Malesuada Limited",
    "contact_employee": "Timon Cabrera",
    "id_agent": 1,
    "addr_reg": "P.O. Box 242, 3440 Metus Av.",
    "contact_phone": "1-603-511-6177",
    "contact_email": "felis@semPellentesqueut.co.uk",
    "contact_fax": null,
    "req_bin": null,
    "req_account": null,
    "req_bank": null,
    "req_bik": null,
    "comment": "Fusce mi lorem, vehicula et, rutrum eu, ultrices sit amet, risus. Donec nibh enim, gravida",
    "clientid": "7855",
    "deleted": false
  }
},
{
  "model": "lighthouse.client",
  "pk": 147,
  "fields": {
    "created": "2021-02-01T21:39:32Z",
    "clientname": "Ligula Consectetuer Rhoncus Corp.",
    "contact_employee": "Jesse Pittman",
    "id_agent": 1,
    "addr_reg": "421-6798 Dui. St.",
    "contact_phone": "1-949-245-0212",
    "contact_email": "quam.dignissim.pharetra@Crasdolor.org",
    "contact_fax": null,
    "req_bin": null,
    "req_account": null,
    "req_bank": null,
    "req_bik": null,
    "comment": "velit in aliquet lobortis, nisi nibh lacinia orci, consectetuer euismod est arcu ac orci.",
    "clientid": "8616",
    "deleted": false
  }
},
{
  "model": "lighthouse.client",
  "pk": 148,
  "fields": {
    "created": "2021-03-17T10:38:39Z",
    "clientname": "Condimentum Donec Corporation",
    "contact_employee": "Lee Wilder",
    "id_agent": 1,
    "addr_reg": "2244 In Av.",
    "contact_phone": "1-628-374-4448",
    "contact_email": "rutrum.lorem@miAliquamgravida.edu",
    "contact_fax": null,
    "req_bin": null,
    "req_account": null,
    "req_bank": null,
    "req_bik": null,
    "comment": "augue ut lacus. Nulla tincidunt, neque vitae semper egestas, urna justo faucibus",
    "clientid": "9222",
    "deleted": false
  }
},
{
  "model": "lighthouse.client",
  "pk": 149,
  "fields": {
    "created": "2019-09-25T21:40:12Z",
    "clientname": "Consectetuer Ipsum Industries",
    "contact_employee": "Tyrone Morse",
    "id_agent": 1,
    "addr_reg": "P.O. Box 819, 8626 Et, Avenue",
    "contact_phone": "1-852-125-4867",
    "contact_email": "Suspendisse.sed.dolor@libero.com",
    "contact_fax": null,
    "req_bin": null,
    "req_account": null,
    "req_bank": null,
    "req_bik": null,
    "comment": "Nullam velit dui, semper et, lacinia vitae, sodales at, velit. Pellentesque ultricies dignissim lacus. Aliquam rutrum",
    "clientid": "6537",
    "deleted": false
  }
},
{
  "model": "lighthouse.client",
  "pk": 150,
  "fields": {
    "created": "2020-11-26T09:23:01Z",
    "clientname": "Nulla Vulputate Institute",
    "contact_employee": "Clayton Perry",
    "id_agent": 1,
    "addr_reg": "P.O. Box 170, 5311 Nunc Ave",
    "contact_phone": "1-788-677-1748",
    "contact_email": "mollis.Duis@quamvel.ca",
    "contact_fax": null,
    "req_bin": null,
    "req_account": null,
    "req_bank": null,
    "req_bik": null,
    "comment": "sed pede nec ante blandit viverra. Donec tempus, lorem fringilla ornare placerat, orci lacus vestibulum lorem, sit",
    "clientid": "5382",
    "deleted": false
  }
},
{
  "model": "lighthouse.client",
  "pk": 151,
  "fields": {
    "created": "2020-07-06T16:04:37Z",
    "clientname": "Fringilla Ltd",
    "contact_employee": "Louis Forbes",
    "id_agent": 1,
    "addr_reg": "P.O. Box 929, 7385 Pede Road",
    "contact_phone": "1-875-885-1238",
    "contact_email": "est.Nunc@ullamcorperviverra.net",
    "contact_fax": null,
    "req_bin": null,
    "req_account": null,
    "req_bank": null,
    "req_bik": null,
    "comment": "mauris. Suspendisse aliquet molestie tellus. Aenean egestas hendrerit neque. In ornare sagittis felis.",
    "clientid": "2971",
    "deleted": false
  }
},
{
  "model": "lighthouse.client",
  "pk": 152,
  "fields": {
    "created": "2020-12-21T11:41:06Z",
    "clientname": "Mi Inc.",
    "contact_employee": "Grant Doyle",
    "id_agent": 1,
    "addr_reg": "2026 Pellentesque Avenue",
    "contact_phone": "1-926-113-4504",
    "contact_email": "quam.Curabitur.vel@semvitae.org",
    "contact_fax": null,
    "req_bin": null,
    "req_account": null,
    "req_bank": null,
    "req_bik": null,
    "comment": "ante blandit viverra. Donec tempus, lorem fringilla ornare placerat, orci lacus vestibulum",
    "clientid": "8731",
    "deleted": false
  }
},
{
  "model": "lighthouse.client",
  "pk": 153,
  "fields": {
    "created": "2019-08-29T05:25:09Z",
    "clientname": "Sagittis Duis Associates",
    "contact_employee": "Hop Kerr",
    "id_agent": 1,
    "addr_reg": "P.O. Box 900, 7123 Aliquam St.",
    "contact_phone": "1-851-752-1004",
    "contact_email": "Sed@sociis.com",
    "contact_fax": null,
    "req_bin": null,
    "req_account": null,
    "req_bank": null,
    "req_bik": null,
    "comment": "egestas a, scelerisque sed, sapien. Nunc pulvinar arcu et pede. Nunc sed orci lobortis augue scelerisque",
    "clientid": "2477",
    "deleted": false
  }
},
{
  "model": "lighthouse.client",
  "pk": 154,
  "fields": {
    "created": "2021-02-18T01:06:53Z",
    "clientname": "Vestibulum Lorem Corp.",
    "contact_employee": "Jerome Spears",
    "id_agent": 1,
    "addr_reg": "205-303 Id Avenue",
    "contact_phone": "1-625-436-6839",
    "contact_email": "egestas@veliteusem.org",
    "contact_fax": null,
    "req_bin": null,
    "req_account": null,
    "req_bank": null,
    "req_bik": null,
    "comment": "sed, facilisis vitae, orci. Phasellus dapibus quam quis diam. Pellentesque habitant morbi tristique senectus et netus et malesuada",
    "clientid": "4912",
    "deleted": false
  }
},
{
  "model": "lighthouse.client",
  "pk": 155,
  "fields": {
    "created": "2021-03-27T07:09:52Z",
    "clientname": "Elit Consulting",
    "contact_employee": "Roth Lowe",
    "id_agent": 1,
    "addr_reg": "3376 Risus Av.",
    "contact_phone": "1-340-271-4373",
    "contact_email": "nisl.Nulla.eu@Proin.org",
    "contact_fax": null,
    "req_bin": null,
    "req_account": null,
    "req_bank": null,
    "req_bik": null,
    "comment": "Sed nulla ante, iaculis nec, eleifend non, dapibus rutrum, justo. Praesent luctus. Curabitur egestas nunc sed libero. Proin sed turpis",
    "clientid": "8800",
    "deleted": false
  }
},
{
  "model": "lighthouse.client",
  "pk": 156,
  "fields": {
    "created": "2020-07-24T21:14:54Z",
    "clientname": "Velit Ltd",
    "contact_employee": "Bradley Barker",
    "id_agent": 1,
    "addr_reg": "370-8834 Sem St.",
    "contact_phone": "1-148-740-2355",
    "contact_email": "nisi.Mauris@leoMorbi.ca",
    "contact_fax": null,
    "req_bin": null,
    "req_account": null,
    "req_bank": null,
    "req_bik": null,
    "comment": "Praesent eu dui. Cum sociis natoque penatibus et magnis dis parturient",
    "clientid": "3528",
    "deleted": false
  }
},
{
  "model": "lighthouse.client",
  "pk": 157,
  "fields": {
    "created": "2020-09-01T06:14:11Z",
    "clientname": "Vulputate Ullamcorper Ltd",
    "contact_employee": "Yuli Parsons",
    "id_agent": 1,
    "addr_reg": "4506 Metus. Rd.",
    "contact_phone": "1-397-124-4718",
    "contact_email": "cursus.Nunc.mauris@vulputateduinec.co.uk",
    "contact_fax": null,
    "req_bin": null,
    "req_account": null,
    "req_bank": null,
    "req_bik": null,
    "comment": "eu elit. Nulla facilisi. Sed neque. Sed eget lacus. Mauris non dui",
    "clientid": "5472",
    "deleted": false
  }
},
{
  "model": "lighthouse.client",
  "pk": 158,
  "fields": {
    "created": "2019-12-01T23:20:58Z",
    "clientname": "Dui Nec Corporation",
    "contact_employee": "Quinlan Hodges",
    "id_agent": 1,
    "addr_reg": "683 Magna. St.",
    "contact_phone": "1-265-608-2436",
    "contact_email": "at.fringilla@feugiat.co.uk",
    "contact_fax": null,
    "req_bin": null,
    "req_account": null,
    "req_bank": null,
    "req_bik": null,
    "comment": "enim. Suspendisse aliquet, sem ut cursus luctus, ipsum leo elementum sem, vitae aliquam eros turpis non",
    "clientid": "8685",
    "deleted": true
  }
},
{
  "model": "lighthouse.client",
  "pk": 159,
  "fields": {
    "created": "2019-04-19T01:16:30Z",
    "clientname": "Est PC",
    "contact_employee": "Uriah Waller",
    "id_agent": 1,
    "addr_reg": "Ap #338-7753 Lorem, Av.",
    "contact_phone": "1-668-341-9541",
    "contact_email": "et.eros.Proin@tempuseuligula.co.uk",
    "contact_fax": null,
    "req_bin": null,
    "req_account": null,
    "req_bank": null,
    "req_bik": null,
    "comment": "Donec nibh enim, gravida sit amet, dapibus id, blandit at, nisi. Cum",
    "clientid": "7331",
    "deleted": false
  }
},
{
  "model": "lighthouse.client",
  "pk": 160,
  "fields": {
    "created": "2019-05-11T14:45:55Z",
    "clientname": "Ante PC",
    "contact_employee": "Reuben Monroe",
    "id_agent": 1,
    "addr_reg": "P.O. Box 929, 1845 Amet, Road",
    "contact_phone": "1-691-820-8650",
    "contact_email": "arcu.Sed@dignissimMaecenasornare.com",
    "contact_fax": null,
    "req_bin": null,
    "req_account": null,
    "req_bank": null,
    "req_bik": null,
    "comment": "sed pede. Cum sociis natoque penatibus et magnis dis parturient montes, nascetur",
    "clientid": "5812",
    "deleted": true
  }
},
{
  "model": "lighthouse.client",
  "pk": 161,
  "fields": {
    "created": "2019-04-16T20:56:21Z",
    "clientname": "Sit Amet Dapibus Associates",
    "contact_employee": "Myles Macias",
    "id_agent": 1,
    "addr_reg": "Ap #495-5607 Mollis. Av.",
    "contact_phone": "1-850-436-9634",
    "contact_email": "amet.metus@Donectempuslorem.com",
    "contact_fax": null,
    "req_bin": null,
    "req_account": null,
    "req_bank": null,
    "req_bik": null,
    "comment": "purus ac tellus. Suspendisse sed dolor. Fusce mi lorem, vehicula",
    "clientid": "2899",
    "deleted": false
  }
},
{
  "model": "lighthouse.client",
  "pk": 162,
  "fields": {
    "created": "2020-12-01T02:55:33Z",
    "clientname": "Non Egestas A Limited",
    "contact_employee": "Carson Short",
    "id_agent": 1,
    "addr_reg": "7428 Nunc Avenue",
    "contact_phone": "1-562-887-7001",
    "contact_email": "et.ultrices.posuere@Quisqueimperdieterat.co.uk",
    "contact_fax": null,
    "req_bin": null,
    "req_account": null,
    "req_bank": null,
    "req_bik": null,
    "comment": "in sodales elit erat vitae risus. Duis a mi fringilla mi lacinia mattis. Integer eu lacus.",
    "clientid": "4409",
    "deleted": false
  }
},
{
  "model": "lighthouse.client",
  "pk": 163,
  "fields": {
    "created": "2020-07-01T07:39:24Z",
    "clientname": "Lorem Sit Incorporated",
    "contact_employee": "Yuli Dillard",
    "id_agent": 1,
    "addr_reg": "143-5860 Cum Avenue",
    "contact_phone": "1-387-486-5915",
    "contact_email": "Nunc.ut.erat@Donecfeugiat.org",
    "contact_fax": null,
    "req_bin": null,
    "req_account": null,
    "req_bank": null,
    "req_bik": null,
    "comment": "ut quam vel sapien imperdiet ornare. In faucibus. Morbi vehicula. Pellentesque tincidunt tempus risus. Donec",
    "clientid": "5328",
    "deleted": false
  }
},
{
  "model": "lighthouse.client",
  "pk": 164,
  "fields": {
    "created": "2021-01-13T19:35:46Z",
    "clientname": "Commodo Foundation",
    "contact_employee": "Uriel Hatfield",
    "id_agent": 1,
    "addr_reg": "5712 Risus. Av.",
    "contact_phone": "1-770-246-9140",
    "contact_email": "elementum.at@infaucibusorci.net",
    "contact_fax": null,
    "req_bin": null,
    "req_account": null,
    "req_bank": null,
    "req_bik": null,
    "comment": "eget metus eu erat semper rutrum. Fusce dolor quam, elementum at,",
    "clientid": "2171",
    "deleted": true
  }
},
{
  "model": "lighthouse.client",
  "pk": 165,
  "fields": {
    "created": "2019-09-12T22:19:03Z",
    "clientname": "Blandit Inc.",
    "contact_employee": "Price Snow",
    "id_agent": 1,
    "addr_reg": "8875 Non St.",
    "contact_phone": "1-436-109-4522",
    "contact_email": "feugiat@dui.net",
    "contact_fax": null,
    "req_bin": null,
    "req_account": null,
    "req_bank": null,
    "req_bik": null,
    "comment": "ut dolor dapibus gravida. Aliquam tincidunt, nunc ac mattis ornare, lectus ante dictum mi,",
    "clientid": "7826",
    "deleted": false
  }
},
{
  "model": "lighthouse.client",
  "pk": 166,
  "fields": {
    "created": "2020-12-20T16:21:18Z",
    "clientname": "Sem Company",
    "contact_employee": "Macaulay Burris",
    "id_agent": 1,
    "addr_reg": "P.O. Box 234, 1571 Rhoncus. Road",
    "contact_phone": "1-883-645-3026",
    "contact_email": "sodales.Mauris.blandit@nibhsit.edu",
    "contact_fax": null,
    "req_bin": null,
    "req_account": null,
    "req_bank": null,
    "req_bik": null,
    "comment": "Phasellus dapibus quam quis diam. Pellentesque habitant morbi tristique senectus et netus et malesuada fames ac turpis egestas.",
    "clientid": "4794",
    "deleted": false
  }
},
{
  "model": "lighthouse.client",
  "pk": 167,
  "fields": {
    "created": "2019-10-28T03:23:49Z",
    "clientname": "Ipsum Primis In Incorporated",
    "contact_employee": "Keane Maddox",
    "id_agent": 1,
    "addr_reg": "823-194 Velit Rd.",
    "contact_phone": "1-393-669-3986",
    "contact_email": "mattis.ornare@luctusvulputatenisi.com",
    "contact_fax": null,
    "req_bin": null,
    "req_account": null,
    "req_bank": null,
    "req_bik": null,
    "comment": "Donec elementum, lorem ut aliquam iaculis, lacus pede sagittis augue, eu tempor",
    "clientid": "7673",
    "deleted": false
  }
},
{
  "model": "lighthouse.client",
  "pk": 168,
  "fields": {
    "created": "2019-12-07T13:53:20Z",
    "clientname": "Litora LLP",
    "contact_employee": "Owen Hays",
    "id_agent": 1,
    "addr_reg": "P.O. Box 232, 4295 Ipsum Ave",
    "contact_phone": "1-574-977-5787",
    "contact_email": "ad.litora.torquent@montesnasceturridiculus.co.uk",
    "contact_fax": null,
    "req_bin": null,
    "req_account": null,
    "req_bank": null,
    "req_bik": null,
    "comment": "Phasellus fermentum convallis ligula. Donec luctus aliquet odio. Etiam ligula tortor, dictum eu, placerat eget, venenatis a,",
    "clientid": "2427",
    "deleted": false
  }
},
{
  "model": "lighthouse.client",
  "pk": 169,
  "fields": {
    "created": "2020-12-25T16:53:36Z",
    "clientname": "Donec Est Consulting",
    "contact_employee": "Griffin Gardner",
    "id_agent": 1,
    "addr_reg": "6106 Libero Street",
    "contact_phone": "1-474-216-5791",
    "contact_email": "tristique.senectus@accumsanlaoreet.org",
    "contact_fax": null,
    "req_bin": null,
    "req_account": null,
    "req_bank": null,
    "req_bik": null,
    "comment": "dui, nec tempus mauris erat eget ipsum. Suspendisse sagittis. Nullam vitae diam.",
    "clientid": "7929",
    "deleted": true
  }
},
{
  "model": "lighthouse.client",
  "pk": 170,
  "fields": {
    "created": "2020-07-23T08:15:49Z",
    "clientname": "Sapien LLC",
    "contact_employee": "Xavier Silva",
    "id_agent": 1,
    "addr_reg": "785-9732 Enim Rd.",
    "contact_phone": "1-451-508-5822",
    "contact_email": "Sed.et.libero@inmagna.co.uk",
    "contact_fax": null,
    "req_bin": null,
    "req_account": null,
    "req_bank": null,
    "req_bik": null,
    "comment": "leo, in lobortis tellus justo sit amet nulla. Donec non justo. Proin non massa non ante bibendum",
    "clientid": "5394",
    "deleted": false
  }
},
{
  "model": "lighthouse.client",
  "pk": 171,
  "fields": {
    "created": "2020-04-06T23:39:06Z",
    "clientname": "Arcu Ac Associates",
    "contact_employee": "Geoffrey Wiley",
    "id_agent": 1,
    "addr_reg": "712-3155 Cras St.",
    "contact_phone": "1-149-379-1916",
    "contact_email": "molestie.sodales.Mauris@magnisdisparturient.org",
    "contact_fax": null,
    "req_bin": null,
    "req_account": null,
    "req_bank": null,
    "req_bik": null,
    "comment": "egestas. Sed pharetra, felis eget varius ultrices, mauris ipsum porta elit, a feugiat tellus lorem eu metus. In lorem.",
    "clientid": "3406",
    "deleted": true
  }
},
{
  "model": "lighthouse.client",
  "pk": 172,
  "fields": {
    "created": "2020-08-25T22:09:43Z",
    "clientname": "Neque Venenatis Lacus Inc.",
    "contact_employee": "Lucius Rodriquez",
    "id_agent": 1,
    "addr_reg": "5383 Turpis Rd.",
    "contact_phone": "1-170-889-8460",
    "contact_email": "Nullam.suscipit@conguea.net",
    "contact_fax": null,
    "req_bin": null,
    "req_account": null,
    "req_bank": null,
    "req_bik": null,
    "comment": "luctus, ipsum leo elementum sem, vitae aliquam eros turpis non enim. Mauris quis turpis vitae purus gravida sagittis. Duis gravida.",
    "clientid": "5536",
    "deleted": false
  }
},
{
  "model": "lighthouse.client",
  "pk": 173,
  "fields": {
    "created": "2019-09-26T15:40:47Z",
    "clientname": "Sit Company",
    "contact_employee": "George Head",
    "id_agent": 1,
    "addr_reg": "477-3574 Amet Road",
    "contact_phone": "1-994-635-5819",
    "contact_email": "ullamcorper.eu@laoreetliberoet.net",
    "contact_fax": null,
    "req_bin": null,
    "req_account": null,
    "req_bank": null,
    "req_bik": null,
    "comment": "ut odio vel est tempor bibendum. Donec felis orci, adipiscing non, luctus sit amet, faucibus",
    "clientid": "1207",
    "deleted": false
  }
},
{
  "model": "lighthouse.client",
  "pk": 174,
  "fields": {
    "created": "2021-03-18T15:51:01Z",
    "clientname": "Est Company",
    "contact_employee": "Lucius Singleton",
    "id_agent": 1,
    "addr_reg": "5279 Aliquam St.",
    "contact_phone": "1-883-171-7924",
    "contact_email": "et.magnis@lacusAliquamrutrum.ca",
    "contact_fax": null,
    "req_bin": null,
    "req_account": null,
    "req_bank": null,
    "req_bik": null,
    "comment": "a felis ullamcorper viverra. Maecenas iaculis aliquet diam. Sed diam lorem,",
    "clientid": "1500",
    "deleted": true
  }
},
{
  "model": "lighthouse.client",
  "pk": 175,
  "fields": {
    "created": "2021-03-18T15:10:43Z",
    "clientname": "\u0421\u0432\u0438\u043d\u043e\u0446\u0435\u043d\u0442\u0440",
    "contact_employee": "Carson James",
    "id_agent": 1,
    "addr_reg": "Ap #494-1650 Vitae Road",
    "contact_phone": "1-195-660-2914",
    "contact_email": "eget@vestibulum.edu",
    "contact_fax": null,
    "req_bin": null,
    "req_account": null,
    "req_bank": null,
    "req_bik": null,
    "comment": "Morbi neque tellus, imperdiet non, vestibulum nec, euismod in, dolor. Fusce feugiat. Lorem ipsum dolor",
    "clientid": "4497",
    "deleted": true
  }
},
{
  "model": "lighthouse.client",
  "pk": 176,
  "fields": {
    "created": "2020-04-19T01:43:38Z",
    "clientname": "Rutrum Associates",
    "contact_employee": "Kenyon Conrad",
    "id_agent": 1,
    "addr_reg": "217-8838 Orci. Rd.",
    "contact_phone": "1-298-164-1732",
    "contact_email": "nec.tempus@musAenean.net",
    "contact_fax": null,
    "req_bin": null,
    "req_account": null,
    "req_bank": null,
    "req_bik": null,
    "comment": "Curabitur consequat, lectus sit amet luctus vulputate, nisi sem semper erat, in consectetuer ipsum",
    "clientid": "8300",
    "deleted": true
  }
},
{
  "model": "lighthouse.client",
  "pk": 177,
  "fields": {
    "created": "2020-09-12T12:33:43Z",
    "clientname": "Mollis Associates",
    "contact_employee": "Logan Rutledge",
    "id_agent": 1,
    "addr_reg": "Ap #750-6005 Eu Ave",
    "contact_phone": "1-358-959-8067",
    "contact_email": "ut.nulla@Donecegestas.com",
    "contact_fax": null,
    "req_bin": null,
    "req_account": null,
    "req_bank": null,
    "req_bik": null,
    "comment": "sed tortor. Integer aliquam adipiscing lacus. Ut nec urna et arcu imperdiet ullamcorper. Duis at lacus.",
    "clientid": "9814",
    "deleted": true
  }
},
{
  "model": "lighthouse.client",
  "pk": 178,
  "fields": {
    "created": "2020-02-24T13:44:15Z",
    "clientname": "Cras LLC",
    "contact_employee": "Leo Greene",
    "id_agent": 1,
    "addr_reg": "561-4228 Non Rd.",
    "contact_phone": "1-587-214-3238",
    "contact_email": "lectus.pede@Utnec.net",
    "contact_fax": null,
    "req_bin": null,
    "req_account": null,
    "req_bank": null,
    "req_bik": null,
    "comment": "volutpat. Nulla facilisis. Suspendisse commodo tincidunt nibh. Phasellus nulla. Integer vulputate, risus a ultricies adipiscing, enim",
    "clientid": "2800",
    "deleted": true
  }
},
{
  "model": "lighthouse.client",
  "pk": 179,
  "fields": {
    "created": "2021-04-04T16:45:36Z",
    "clientname": "Nec LLP",
    "contact_employee": "Alexander Hickman",
    "id_agent": 1,
    "addr_reg": "2251 In Av.",
    "contact_phone": "1-591-695-8249",
    "contact_email": "a.neque@cursus.net",
    "contact_fax": null,
    "req_bin": null,
    "req_account": null,
    "req_bank": null,
    "req_bik": null,
    "comment": "Sed eget lacus. Mauris non dui nec urna suscipit nonummy. Fusce",
    "clientid": "6787",
    "deleted": false
  }
},
{
  "model": "lighthouse.client",
  "pk": 180,
  "fields": {
    "created": "2020-07-28T12:30:50Z",
    "clientname": "Condimentum Eget Volutpat Industries",
    "contact_employee": "Austin Brock",
    "id_agent": 1,
    "addr_reg": "Ap #911-9270 Diam Avenue",
    "contact_phone": "1-208-807-0096",
    "contact_email": "Vivamus.non@ante.co.uk",
    "contact_fax": null,
    "req_bin": null,
    "req_account": null,
    "req_bank": null,
    "req_bik": null,
    "comment": "scelerisque sed, sapien. Nunc pulvinar arcu et pede. Nunc sed orci lobortis augue scelerisque mollis. Phasellus libero mauris,",
    "clientid": "5496",
    "deleted": true
  }
},
{
  "model": "lighthouse.client",
  "pk": 181,
  "fields": {
    "created": "2020-12-04T11:15:30Z",
    "clientname": "Nonummy Ipsum PC",
    "contact_employee": "Arthur Griffin",
    "id_agent": 1,
    "addr_reg": "593-7133 Ut St.",
    "contact_phone": "1-469-978-2623",
    "contact_email": "netus.et.malesuada@faucibusid.ca",
    "contact_fax": null,
    "req_bin": null,
    "req_account": null,
    "req_bank": null,
    "req_bik": null,
    "comment": "vel pede blandit congue. In scelerisque scelerisque dui. Suspendisse ac metus",
    "clientid": "5845",
    "deleted": false
  }
},
{
  "model": "lighthouse.client",
  "pk": 182,
  "fields": {
    "created": "2020-01-05T16:32:25Z",
    "clientname": "Orci Tincidunt Consulting",
    "contact_employee": "Logan Roy",
    "id_agent": 1,
    "addr_reg": "Ap #305-8811 Vulputate, Rd.",
    "contact_phone": "1-776-175-0505",
    "contact_email": "massa@elitEtiam.net",
    "contact_fax": null,
    "req_bin": null,
    "req_account": null,
    "req_bank": null,
    "req_bik": null,
    "comment": "vel arcu eu odio tristique pharetra. Quisque ac libero nec ligula consectetuer rhoncus. Nullam velit",
    "clientid": "6876",
    "deleted": false
  }
},
{
  "model": "lighthouse.client",
  "pk": 183,
  "fields": {
    "created": "2020-01-29T01:56:47Z",
    "clientname": "Mollis Lectus Ltd",
    "contact_employee": "Matthew Johnston",
    "id_agent": 1,
    "addr_reg": "P.O. Box 387, 3460 Mauris Av.",
    "contact_phone": "1-643-108-3433",
    "contact_email": "convallis@suscipit.org",
    "contact_fax": null,
    "req_bin": null,
    "req_account": null,
    "req_bank": null,
    "req_bik": null,
    "comment": "Donec at arcu. Vestibulum ante ipsum primis in faucibus orci luctus et ultrices posuere cubilia Curae; Donec",
    "clientid": "3922",
    "deleted": true
  }
},
{
  "model": "lighthouse.client",
  "pk": 184,
  "fields": {
    "created": "2019-10-28T02:57:09Z",
    "clientname": "Mauris Id Ltd",
    "contact_employee": "Zahir Roman",
    "id_agent": 1,
    "addr_reg": "P.O. Box 625, 472 Ultrices St.",
    "contact_phone": "1-198-428-2516",
    "contact_email": "nibh.dolor@In.edu",
    "contact_fax": null,
    "req_bin": null,
    "req_account": null,
    "req_bank": null,
    "req_bik": null,
    "comment": "Quisque purus sapien, gravida non, sollicitudin a, malesuada id, erat. Etiam vestibulum massa rutrum",
    "clientid": "1455",
    "deleted": false
  }
},
{
  "model": "lighthouse.client",
  "pk": 185,
  "fields": {
    "created": "2020-09-30T15:41:24Z",
    "clientname": "Venenatis A Industries",
    "contact_employee": "Tad Key",
    "id_agent": 1,
    "addr_reg": "P.O. Box 487, 6753 Dictum Av.",
    "contact_phone": "1-893-390-5337",
    "contact_email": "vel@eget.org",
    "contact_fax": null,
    "req_bin": null,
    "req_account": null,
    "req_bank": null,
    "req_bik": null,
    "comment": "Cras interdum. Nunc sollicitudin commodo ipsum. Suspendisse non leo. Vivamus nibh dolor, nonummy ac, feugiat",
    "clientid": "3735",
    "deleted": false
  }
},
{
  "model": "lighthouse.client",
  "pk": 186,
  "fields": {
    "created": "2021-01-13T07:17:07Z",
    "clientname": "\u0415\u0436\u043e\u0432\u044b\u0439 \u043a\u043b\u0438\u0435\u043d\u0442",
    "contact_employee": "Orlando Mayer",
    "id_agent": 1,
    "addr_reg": "3226 Cursus Road",
    "contact_phone": "1-643-944-8009",
    "contact_email": "volutpat.ornare.facilisis@tinciduntorci.edu",
    "contact_fax": null,
    "req_bin": null,
    "req_account": null,
    "req_bank": null,
    "req_bik": null,
    "comment": "urna convallis erat, eget tincidunt dui augue eu tellus. Phasellus elit pede, malesuada vel, venenatis vel, faucibus",
    "clientid": "4191",
    "deleted": true
  }
},
{
  "model": "lighthouse.client",
  "pk": 187,
  "fields": {
    "created": "2020-08-14T06:53:29Z",
    "clientname": "Ipsum Ltd",
    "contact_employee": "Oscar Nguyen",
    "id_agent": 1,
    "addr_reg": "306-7220 Sit Rd.",
    "contact_phone": "1-332-495-3886",
    "contact_email": "magna.nec@velit.com",
    "contact_fax": null,
    "req_bin": null,
    "req_account": null,
    "req_bank": null,
    "req_bik": null,
    "comment": "neque. Morbi quis urna. Nunc quis arcu vel quam dignissim pharetra. Nam ac nulla. In",
    "clientid": "7970",
    "deleted": true
  }
},
{
  "model": "lighthouse.client",
  "pk": 188,
  "fields": {
    "created": "2020-07-27T22:02:59Z",
    "clientname": "Integer Urna Vivamus Foundation",
    "contact_employee": "Ivan Boyd",
    "id_agent": 1,
    "addr_reg": "980-9189 Vulputate St.",
    "contact_phone": "1-651-502-9295",
    "contact_email": "metus.vitae.velit@Integereu.edu",
    "contact_fax": null,
    "req_bin": null,
    "req_account": null,
    "req_bank": null,
    "req_bik": null,
    "comment": "ac mattis semper, dui lectus rutrum urna, nec luctus felis purus ac tellus. Suspendisse sed dolor. Fusce",
    "clientid": "3845",
    "deleted": true
  }
},
{
  "model": "lighthouse.client",
  "pk": 189,
  "fields": {
    "created": "2019-11-02T18:22:26Z",
    "clientname": "Penatibus Institute",
    "contact_employee": "Harrison Wiley",
    "id_agent": 1,
    "addr_reg": "5832 Duis Road",
    "contact_phone": "1-505-997-3519",
    "contact_email": "sagittis@sociisnatoquepenatibus.net",
    "contact_fax": null,
    "req_bin": null,
    "req_account": null,
    "req_bank": null,
    "req_bik": null,
    "comment": "velit egestas lacinia. Sed congue, elit sed consequat auctor, nunc",
    "clientid": "6501",
    "deleted": true
  }
},
{
  "model": "lighthouse.client",
  "pk": 190,
  "fields": {
    "created": "2021-01-10T02:32:32Z",
    "clientname": "Et Magnis Limited",
    "contact_employee": "Thomas Aguirre",
    "id_agent": 1,
    "addr_reg": "Ap #344-485 Sed Rd.",
    "contact_phone": "1-545-901-5119",
    "contact_email": "nisl@bibendumsedest.co.uk",
    "contact_fax": null,
    "req_bin": null,
    "req_account": null,
    "req_bank": null,
    "req_bik": null,
    "comment": "iaculis nec, eleifend non, dapibus rutrum, justo. Praesent luctus. Curabitur egestas nunc sed libero. Proin sed turpis nec",
    "clientid": "1483",
    "deleted": true
  }
},
{
  "model": "lighthouse.client",
  "pk": 191,
  "fields": {
    "created": "2021-04-10T03:58:10Z",
    "clientname": "Dolor Nonummy Corp.",
    "contact_employee": "Chandler Jefferson",
    "id_agent": 1,
    "addr_reg": "P.O. Box 231, 5318 Tempor, Road",
    "contact_phone": "1-447-329-1805",
    "contact_email": "vehicula.et@atvelitPellentesque.edu",
    "contact_fax": null,
    "req_bin": null,
    "req_account": null,
    "req_bank": null,
    "req_bik": null,
    "comment": "tempus risus. Donec egestas. Duis ac arcu. Nunc mauris. Morbi",
    "clientid": "1556",
    "deleted": true
  }
},
{
  "model": "lighthouse.client",
  "pk": 192,
  "fields": {
    "created": "2021-03-08T03:18:07Z",
    "clientname": "Ornare Tortor Industries",
    "contact_employee": "Alden Albert",
    "id_agent": 1,
    "addr_reg": "178-7141 Orci St.",
    "contact_phone": "1-835-194-9920",
    "contact_email": "odio.Phasellus.at@bibendumullamcorper.co.uk",
    "contact_fax": null,
    "req_bin": null,
    "req_account": null,
    "req_bank": null,
    "req_bik": null,
    "comment": "Donec est. Nunc ullamcorper, velit in aliquet lobortis, nisi nibh lacinia orci, consectetuer euismod est arcu ac orci.",
    "clientid": "9819",
    "deleted": false
  }
},
{
  "model": "lighthouse.client",
  "pk": 193,
  "fields": {
    "created": "2020-01-18T18:34:42Z",
    "clientname": "Nam Porttitor Company",
    "contact_employee": "Elvis West",
    "id_agent": 1,
    "addr_reg": "Ap #272-447 Fusce Road",
    "contact_phone": "1-569-600-9891",
    "contact_email": "sagittis.Nullam.vitae@in.edu",
    "contact_fax": null,
    "req_bin": null,
    "req_account": null,
    "req_bank": null,
    "req_bik": null,
    "comment": "dignissim magna a tortor. Nunc commodo auctor velit. Aliquam nisl. Nulla eu neque",
    "clientid": "9926",
    "deleted": true
  }
},
{
  "model": "lighthouse.client",
  "pk": 194,
  "fields": {
    "created": "2020-05-16T12:22:59Z",
    "clientname": "Luctus Ipsum Leo Ltd",
    "contact_employee": "Deacon Kent",
    "id_agent": 1,
    "addr_reg": "2161 Neque. Rd.",
    "contact_phone": "1-236-147-6320",
    "contact_email": "nec.euismod.in@venenatis.ca",
    "contact_fax": null,
    "req_bin": null,
    "req_account": null,
    "req_bank": null,
    "req_bik": null,
    "comment": "ut, molestie in, tempus eu, ligula. Aenean euismod mauris eu elit. Nulla facilisi. Sed neque. Sed eget lacus. Mauris",
    "clientid": "7288",
    "deleted": false
  }
},
{
  "model": "lighthouse.client",
  "pk": 195,
  "fields": {
    "created": "2020-12-05T16:41:05Z",
    "clientname": "Nec Quam Company",
    "contact_employee": "Todd Bowers",
    "id_agent": 1,
    "addr_reg": "P.O. Box 663, 5233 Eu St.",
    "contact_phone": "1-766-545-0404",
    "contact_email": "sagittis@dapibus.net",
    "contact_fax": null,
    "req_bin": null,
    "req_account": null,
    "req_bank": null,
    "req_bik": null,
    "comment": "in faucibus orci luctus et ultrices posuere cubilia Curae; Donec tincidunt. Donec vitae erat",
    "clientid": "3473",
    "deleted": true
  }
},
{
  "model": "lighthouse.client",
  "pk": 196,
  "fields": {
    "created": "2019-12-21T19:09:03Z",
    "clientname": "Ante Associates",
    "contact_employee": "Amir Nguyen",
    "id_agent": 1,
    "addr_reg": "P.O. Box 484, 4789 Phasellus St.",
    "contact_phone": "1-860-203-5380",
    "contact_email": "molestie.tortor@nasceturridiculusmus.org",
    "contact_fax": null,
    "req_bin": null,
    "req_account": null,
    "req_bank": null,
    "req_bik": null,
    "comment": "non enim. Mauris quis turpis vitae purus gravida sagittis. Duis gravida.",
    "clientid": "5470",
    "deleted": true
  }
},
{
  "model": "lighthouse.client",
  "pk": 197,
  "fields": {
    "created": "2020-02-18T05:42:10Z",
    "clientname": "Iaculis Ltd",
    "contact_employee": "Cade Ratliff",
    "id_agent": 1,
    "addr_reg": "216-2772 Malesuada Rd.",
    "contact_phone": "1-594-113-1943",
    "contact_email": "iaculis@nonarcuVivamus.com",
    "contact_fax": null,
    "req_bin": null,
    "req_account": null,
    "req_bank": null,
    "req_bik": null,
    "comment": "euismod urna. Nullam lobortis quam a felis ullamcorper viverra. Maecenas iaculis aliquet diam. Sed diam",
    "clientid": "9648",
    "deleted": true
  }
},
{
  "model": "lighthouse.client",
  "pk": 198,
  "fields": {
    "created": "2020-01-27T21:30:48Z",
    "clientname": "Tincidunt Nunc Institute",
    "contact_employee": "Amos Dunn",
    "id_agent": 1,
    "addr_reg": "Ap #122-2136 Sit St.",
    "contact_phone": "1-388-281-2884",
    "contact_email": "magna@et.co.uk",
    "contact_fax": null,
    "req_bin": null,
    "req_account": null,
    "req_bank": null,
    "req_bik": null,
    "comment": "Vivamus euismod urna. Nullam lobortis quam a felis ullamcorper viverra. Maecenas iaculis aliquet diam. Sed diam lorem, auctor quis,",
    "clientid": "4920",
    "deleted": true
  }
},
{
  "model": "lighthouse.client",
  "pk": 199,
  "fields": {
    "created": "2020-09-02T07:35:06Z",
    "clientname": "Vitae Velit Institute",
    "contact_employee": "Todd Bullock",
    "id_agent": 1,
    "addr_reg": "Ap #676-301 Arcu. St.",
    "contact_phone": "1-488-206-3441",
    "contact_email": "ac@eratvelpede.co.uk",
    "contact_fax": null,
    "req_bin": null,
    "req_account": null,
    "req_bank": null,
    "req_bik": null,
    "comment": "a, auctor non, feugiat nec, diam. Duis mi enim, condimentum eget, volutpat ornare, facilisis eget, ipsum. Donec sollicitudin",
    "clientid": "7524",
    "deleted": true
  }
},
{
  "model": "lighthouse.client",
  "pk": 200,
  "fields": {
    "created": "2021-01-14T13:18:45Z",
    "clientname": "Interdum Limited",
    "contact_employee": "Gray Cooke",
    "id_agent": 1,
    "addr_reg": "9552 Justo Avenue",
    "contact_phone": "1-826-857-8970",
    "contact_email": "In.scelerisque.scelerisque@luctuslobortisClass.co.uk",
    "contact_fax": null,
    "req_bin": null,
    "req_account": null,
    "req_bank": null,
    "req_bik": null,
    "comment": "eu nibh vulputate mauris sagittis placerat. Cras dictum ultricies ligula. Nullam enim. Sed nulla ante, iaculis nec, eleifend non, dapibus",
    "clientid": "3864",
    "deleted": true
  }
},
{
  "model": "lighthouse.client",
  "pk": 201,
  "fields": {
    "created": "2021-02-15T04:01:36Z",
    "clientname": "Cras Interdum Nunc Foundation",
    "contact_employee": "Tobias Oconnor",
    "id_agent": 1,
    "addr_reg": "6953 Risus. Rd.",
    "contact_phone": "1-725-555-7418",
    "contact_email": "semper@Etiamvestibulummassa.com",
    "contact_fax": null,
    "req_bin": null,
    "req_account": null,
    "req_bank": null,
    "req_bik": null,
    "comment": "ullamcorper. Duis at lacus. Quisque purus sapien, gravida non, sollicitudin",
    "clientid": "6879",
    "deleted": true
  }
},
{
  "model": "lighthouse.client",
  "pk": 202,
  "fields": {
    "created": "2019-06-23T15:31:32Z",
    "clientname": "Nostra Per LLC",
    "contact_employee": "Clinton Walker",
    "id_agent": 1,
    "addr_reg": "Ap #738-2225 Orci St.",
    "contact_phone": "1-790-709-2833",
    "contact_email": "Fusce.aliquet@ipsum.co.uk",
    "contact_fax": null,
    "req_bin": null,
    "req_account": null,
    "req_bank": null,
    "req_bik": null,
    "comment": "non, luctus sit amet, faucibus ut, nulla. Cras eu tellus eu augue",
    "clientid": "8805",
    "deleted": false
  }
},
{
  "model": "lighthouse.client",
  "pk": 203,
  "fields": {
    "created": "2020-08-26T07:30:24Z",
    "clientname": "Mauris Eu Turpis LLP",
    "contact_employee": "Wesley Dejesus",
    "id_agent": 1,
    "addr_reg": "341-4286 In Rd.",
    "contact_phone": "1-362-885-5954",
    "contact_email": "diam.Pellentesque@pellentesquetellussem.com",
    "contact_fax": null,
    "req_bin": null,
    "req_account": null,
    "req_bank": null,
    "req_bik": null,
    "comment": "scelerisque sed, sapien. Nunc pulvinar arcu et pede. Nunc sed orci lobortis augue scelerisque",
    "clientid": "7300",
    "deleted": true
  }
},
{
  "model": "lighthouse.client",
  "pk": 204,
  "fields": {
    "created": "2019-07-27T04:12:37Z",
    "clientname": "Mus Donec Dignissim LLP",
    "contact_employee": "Emerson Britt",
    "id_agent": 1,
    "addr_reg": "Ap #831-6442 Egestas Ave",
    "contact_phone": "1-290-595-2554",
    "contact_email": "mi.Duis@nislelementum.net",
    "contact_fax": null,
    "req_bin": null,
    "req_account": null,
    "req_bank": null,
    "req_bik": null,
    "comment": "lorem ut aliquam iaculis, lacus pede sagittis augue, eu tempor erat",
    "clientid": "3931",
    "deleted": true
  }
},
{
  "model": "lighthouse.client",
  "pk": 205,
  "fields": {
    "created": "2020-09-16T07:28:32Z",
    "clientname": "Orci Tincidunt Company",
    "contact_employee": "Lance Miles",
    "id_agent": 1,
    "addr_reg": "Ap #987-4648 Neque St.",
    "contact_phone": "1-756-480-4851",
    "contact_email": "quis@magnaPraesent.org",
    "contact_fax": null,
    "req_bin": null,
    "req_account": null,
    "req_bank": null,
    "req_bik": null,
    "comment": "Donec fringilla. Donec feugiat metus sit amet ante. Vivamus non lorem vitae odio sagittis semper. Nam tempor",
    "clientid": "9470",
    "deleted": true
  }
},
{
  "model": "lighthouse.client",
  "pk": 206,
  "fields": {
    "created": "2020-04-03T03:51:49Z",
    "clientname": "Vitae Erat Corporation",
    "contact_employee": "Christopher Schultz",
    "id_agent": 1,
    "addr_reg": "517-8016 Pede. St.",
    "contact_phone": "1-755-203-5112",
    "contact_email": "ac.mi@sed.org",
    "contact_fax": null,
    "req_bin": null,
    "req_account": null,
    "req_bank": null,
    "req_bik": null,
    "comment": "mollis nec, cursus a, enim. Suspendisse aliquet, sem ut cursus luctus, ipsum leo elementum sem, vitae aliquam",
    "clientid": "7414",
    "deleted": true
  }
},
{
  "model": "lighthouse.client",
  "pk": 207,
  "fields": {
    "created": "2020-05-08T18:40:18Z",
    "clientname": "Lectus Foundation",
    "contact_employee": "Ryan Riggs",
    "id_agent": 1,
    "addr_reg": "Ap #677-3054 Fusce Rd.",
    "contact_phone": "1-988-832-5296",
    "contact_email": "felis.ullamcorper.viverra@venenatis.ca",
    "contact_fax": null,
    "req_bin": null,
    "req_account": null,
    "req_bank": null,
    "req_bik": null,
    "comment": "ante lectus convallis est, vitae sodales nisi magna sed dui. Fusce aliquam, enim nec tempus scelerisque,",
    "clientid": "3299",
    "deleted": true
  }
},
{
  "model": "lighthouse.client",
  "pk": 208,
  "fields": {
    "created": "2019-05-20T00:43:22Z",
    "clientname": "Dui Augue Consulting",
    "contact_employee": "Jerry Blake",
    "id_agent": 1,
    "addr_reg": "887-7648 Eget Street",
    "contact_phone": "1-117-395-8862",
    "contact_email": "ligula.Nullam.feugiat@etrutrum.ca",
    "contact_fax": null,
    "req_bin": null,
    "req_account": null,
    "req_bank": null,
    "req_bik": null,
    "comment": "non enim commodo hendrerit. Donec porttitor tellus non magna. Nam",
    "clientid": "7694",
    "deleted": true
  }
},
{
  "model": "lighthouse.client",
  "pk": 209,
  "fields": {
    "created": "2019-12-22T01:33:34Z",
    "clientname": "\u0422\u041e\u041e \"\u0413\u0440\u0435\u0447\u043a\u0430 \u041f\u0430\u0432\u043b\u043e\u0434\u0430\u0440\"",
    "contact_employee": "Nero Fields",
    "id_agent": 1,
    "addr_reg": "1810 Sed, Street",
    "contact_phone": "1-936-209-4030",
    "contact_email": "dolor.egestas@mauriserateget.edu",
    "contact_fax": null,
    "req_bin": null,
    "req_account": null,
    "req_bank": null,
    "req_bik": null,
    "comment": "nec, leo. Morbi neque tellus, imperdiet non, vestibulum nec, euismod in, dolor. Fusce feugiat. Lorem ipsum dolor sit amet, consectetuer",
    "clientid": "2713",
    "deleted": true
  }
},
{
  "model": "lighthouse.client",
  "pk": 210,
  "fields": {
    "created": "2020-11-19T03:53:11Z",
    "clientname": "Viverra Maecenas Iaculis Industries",
    "contact_employee": "Barrett Baird",
    "id_agent": 1,
    "addr_reg": "Ap #623-1543 Donec Ave",
    "contact_phone": "1-534-105-1170",
    "contact_email": "libero.Morbi.accumsan@aliquetmetusurna.co.uk",
    "contact_fax": null,
    "req_bin": null,
    "req_account": null,
    "req_bank": null,
    "req_bik": null,
    "comment": "ad litora torquent per conubia nostra, per inceptos hymenaeos. Mauris ut quam vel sapien imperdiet",
    "clientid": "1504",
    "deleted": true
  }
},
{
  "model": "lighthouse.client",
  "pk": 211,
  "fields": {
    "created": "2020-03-14T07:20:08Z",
    "clientname": "Non Foundation",
    "contact_employee": "Burton Lott",
    "id_agent": 1,
    "addr_reg": "5544 Rutrum Rd.",
    "contact_phone": "1-851-346-3475",
    "contact_email": "magna.nec.quam@consectetuer.ca",
    "contact_fax": null,
    "req_bin": null,
    "req_account": null,
    "req_bank": null,
    "req_bik": null,
    "comment": "Praesent luctus. Curabitur egestas nunc sed libero. Proin sed turpis nec mauris blandit mattis. Cras eget nisi dictum augue",
    "clientid": "3252",
    "deleted": true
  }
},
{
  "model": "lighthouse.client",
  "pk": 212,
  "fields": {
    "created": "2020-08-04T22:13:58Z",
    "clientname": "Mi Felis Adipiscing Corporation",
    "contact_employee": "Dominic Morgan",
    "id_agent": 1,
    "addr_reg": "2816 Class Rd.",
    "contact_phone": "1-425-382-6623",
    "contact_email": "Ut@lectus.ca",
    "contact_fax": null,
    "req_bin": null,
    "req_account": null,
    "req_bank": null,
    "req_bik": null,
    "comment": "ad litora torquent per conubia nostra, per inceptos hymenaeos. Mauris ut quam",
    "clientid": "4110",
    "deleted": true
  }
},
{
  "model": "lighthouse.client",
  "pk": 213,
  "fields": {
    "created": "2019-08-12T04:14:21Z",
    "clientname": "Orci Ut Sagittis Limited",
    "contact_employee": "Hoyt Bowman",
    "id_agent": 1,
    "addr_reg": "Ap #504-8969 Malesuada Av.",
    "contact_phone": "1-684-213-6953",
    "contact_email": "Aenean@vulputate.net",
    "contact_fax": null,
    "req_bin": null,
    "req_account": null,
    "req_bank": null,
    "req_bik": null,
    "comment": "ac metus vitae velit egestas lacinia. Sed congue, elit sed consequat auctor, nunc nulla vulputate",
    "clientid": "5621",
    "deleted": false
  }
},
{
  "model": "lighthouse.client",
  "pk": 214,
  "fields": {
    "created": "2019-04-16T14:09:27Z",
    "clientname": "Mauris Elit Ltd",
    "contact_employee": "Laith Burnett",
    "id_agent": 1,
    "addr_reg": "P.O. Box 613, 5748 Curabitur Avenue",
    "contact_phone": "1-392-108-6529",
    "contact_email": "amet@malesuadaid.com",
    "contact_fax": null,
    "req_bin": null,
    "req_account": null,
    "req_bank": null,
    "req_bik": null,
    "comment": "Vestibulum ut eros non enim commodo hendrerit. Donec porttitor tellus non magna. Nam ligula elit, pretium",
    "clientid": "3759",
    "deleted": false
  }
},
{
  "model": "lighthouse.client",
  "pk": 215,
  "fields": {
    "created": "2019-12-15T13:49:31Z",
    "clientname": "Lacus Nulla Tincidunt Industries",
    "contact_employee": "Myles Mcintyre",
    "id_agent": 1,
    "addr_reg": "1274 Consectetuer Rd.",
    "contact_phone": "1-554-803-1353",
    "contact_email": "senectus.et@amet.org",
    "contact_fax": null,
    "req_bin": null,
    "req_account": null,
    "req_bank": null,
    "req_bik": null,
    "comment": "quam a felis ullamcorper viverra. Maecenas iaculis aliquet diam. Sed diam lorem, auctor quis, tristique ac, eleifend vitae,",
    "clientid": "7086",
    "deleted": true
  }
},
{
  "model": "lighthouse.client",
  "pk": 216,
  "fields": {
    "created": "2020-01-13T14:58:14Z",
    "clientname": "Mauris Institute",
    "contact_employee": "Bruno Mccarty",
    "id_agent": 1,
    "addr_reg": "P.O. Box 751, 8794 Fusce Rd.",
    "contact_phone": "1-511-927-6747",
    "contact_email": "malesuada.fames@velitPellentesqueultricies.com",
    "contact_fax": null,
    "req_bin": null,
    "req_account": null,
    "req_bank": null,
    "req_bik": null,
    "comment": "sem. Nulla interdum. Curabitur dictum. Phasellus in felis. Nulla tempor",
    "clientid": "3120",
    "deleted": false
  }
},
{
  "model": "lighthouse.client",
  "pk": 217,
  "fields": {
    "created": "2021-01-04T05:03:21Z",
    "clientname": "Nisi Dictum Augue PC",
    "contact_employee": "Chandler Emerson",
    "id_agent": 1,
    "addr_reg": "352-1589 A Ave",
    "contact_phone": "1-958-406-2017",
    "contact_email": "Aliquam@porttitor.org",
    "contact_fax": null,
    "req_bin": null,
    "req_account": null,
    "req_bank": null,
    "req_bik": null,
    "comment": "Aliquam nisl. Nulla eu neque pellentesque massa lobortis ultrices. Vivamus rhoncus. Donec est. Nunc ullamcorper, velit in",
    "clientid": "9261",
    "deleted": false
  }
},
{
  "model": "lighthouse.client",
  "pk": 218,
  "fields": {
    "created": "2019-09-07T19:02:07Z",
    "clientname": "Arcu Ac Corp.",
    "contact_employee": "Justin Livingston",
    "id_agent": 1,
    "addr_reg": "Ap #228-8040 Vel Road",
    "contact_phone": "1-633-990-4456",
    "contact_email": "lorem.sit@Maurisvel.co.uk",
    "contact_fax": null,
    "req_bin": null,
    "req_account": null,
    "req_bank": null,
    "req_bik": null,
    "comment": "Cras vehicula aliquet libero. Integer in magna. Phasellus dolor elit,",
    "clientid": "8354",
    "deleted": true
  }
},
{
  "model": "lighthouse.client",
  "pk": 219,
  "fields": {
    "created": "2019-09-28T21:38:31Z",
    "clientname": "Proin Non Massa Consulting",
    "contact_employee": "Austin May",
    "id_agent": 1,
    "addr_reg": "P.O. Box 234, 1625 Lacus. Avenue",
    "contact_phone": "1-925-874-7817",
    "contact_email": "justo.eu.arcu@nonummyipsumnon.co.uk",
    "contact_fax": null,
    "req_bin": null,
    "req_account": null,
    "req_bank": null,
    "req_bik": null,
    "comment": "et ultrices posuere cubilia Curae; Phasellus ornare. Fusce mollis. Duis sit amet diam",
    "clientid": "9618",
    "deleted": false
  }
},
{
  "model": "lighthouse.client",
  "pk": 220,
  "fields": {
    "created": "2019-12-14T05:03:01Z",
    "clientname": "Suspendisse Sagittis Nullam Institute",
    "contact_employee": "Philip Brock",
    "id_agent": 1,
    "addr_reg": "Ap #705-1818 Cursus Street",
    "contact_phone": "1-333-858-1600",
    "contact_email": "vel.mauris@nectellus.com",
    "contact_fax": null,
    "req_bin": null,
    "req_account": null,
    "req_bank": null,
    "req_bik": null,
    "comment": "a, malesuada id, erat. Etiam vestibulum massa rutrum magna. Cras convallis convallis dolor. Quisque tincidunt pede ac urna.",
    "clientid": "6061",
    "deleted": false
  }
},
{
  "model": "lighthouse.client",
  "pk": 221,
  "fields": {
    "created": "2019-06-18T14:16:27Z",
    "clientname": "Mauris Institute",
    "contact_employee": "Clayton Kidd",
    "id_agent": 1,
    "addr_reg": "989-7519 Mauris St.",
    "contact_phone": "1-702-118-7764",
    "contact_email": "dolor.Donec.fringilla@maurisSuspendisse.ca",
    "contact_fax": null,
    "req_bin": null,
    "req_account": null,
    "req_bank": null,
    "req_bik": null,
    "comment": "at, libero. Morbi accumsan laoreet ipsum. Curabitur consequat, lectus sit",
    "clientid": "7160",
    "deleted": true
  }
},
{
  "model": "lighthouse.client",
  "pk": 222,
  "fields": {
    "created": "2020-07-30T15:31:45Z",
    "clientname": "Metus Foundation",
    "contact_employee": "Colton Jarvis",
    "id_agent": 1,
    "addr_reg": "Ap #222-3437 Vivamus Road",
    "contact_phone": "1-715-629-1463",
    "contact_email": "eget@ametorciUt.co.uk",
    "contact_fax": null,
    "req_bin": null,
    "req_account": null,
    "req_bank": null,
    "req_bik": null,
    "comment": "tincidunt dui augue eu tellus. Phasellus elit pede, malesuada vel, venenatis vel, faucibus id, libero. Donec consectetuer",
    "clientid": "8377",
    "deleted": true
  }
},
{
  "model": "lighthouse.client",
  "pk": 223,
  "fields": {
    "created": "2019-10-06T19:31:00Z",
    "clientname": "Dolor Fusce Feugiat LLP",
    "contact_employee": "Andrew Osborn",
    "id_agent": 1,
    "addr_reg": "P.O. Box 476, 9551 Scelerisque, Av.",
    "contact_phone": "1-462-180-8327",
    "contact_email": "Aenean.massa.Integer@nisidictum.ca",
    "contact_fax": null,
    "req_bin": null,
    "req_account": null,
    "req_bank": null,
    "req_bik": null,
    "comment": "est ac mattis semper, dui lectus rutrum urna, nec luctus felis purus",
    "clientid": "8724",
    "deleted": true
  }
},
{
  "model": "lighthouse.client",
  "pk": 224,
  "fields": {
    "created": "2020-09-13T00:08:08Z",
    "clientname": "\u0418\u041f \u041c\u043e\u0440\u0436\u043e\u0432\u044b\u0439 \u043a\u043b\u0438\u0435\u043d\u0442",
    "contact_employee": "Uriel Moore",
    "id_agent": 1,
    "addr_reg": "Ap #751-8848 Nullam Av.",
    "contact_phone": "1-547-134-6963",
    "contact_email": "eleifend.vitae@egestasa.edu",
    "contact_fax": null,
    "req_bin": null,
    "req_account": null,
    "req_bank": null,
    "req_bik": null,
    "comment": "hendrerit id, ante. Nunc mauris sapien, cursus in, hendrerit consectetuer, cursus",
    "clientid": "6583",
    "deleted": true
  }
},
{
  "model": "lighthouse.client",
  "pk": 225,
  "fields": {
    "created": "2020-12-21T02:30:14Z",
    "clientname": "Rutrum Lorem Ac Limited",
    "contact_employee": "Octavius Stein",
    "id_agent": 1,
    "addr_reg": "349-2191 Integer Rd.",
    "contact_phone": "1-766-511-2139",
    "contact_email": "Cras.dictum.ultricies@fringillamilacinia.com",
    "contact_fax": null,
    "req_bin": null,
    "req_account": null,
    "req_bank": null,
    "req_bik": null,
    "comment": "diam. Pellentesque habitant morbi tristique senectus et netus et malesuada fames ac turpis egestas.",
    "clientid": "8076",
    "deleted": false
  }
},
{
  "model": "lighthouse.client",
  "pk": 226,
  "fields": {
    "created": "2020-05-23T15:02:33Z",
    "clientname": "Molestie Arcu Sed Company",
    "contact_employee": "Todd Green",
    "id_agent": 1,
    "addr_reg": "480-4336 Litora St.",
    "contact_phone": "1-489-902-9640",
    "contact_email": "amet.ultricies.sem@semperNam.ca",
    "contact_fax": null,
    "req_bin": null,
    "req_account": null,
    "req_bank": null,
    "req_bik": null,
    "comment": "dui lectus rutrum urna, nec luctus felis purus ac tellus.",
    "clientid": "1465",
    "deleted": true
  }
},
{
  "model": "lighthouse.client",
  "pk": 227,
  "fields": {
    "created": "2019-11-13T09:39:23Z",
    "clientname": "Dolor Associates",
    "contact_employee": "Rafael Maldonado",
    "id_agent": 1,
    "addr_reg": "P.O. Box 847, 1727 Lectus Street",
    "contact_phone": "1-230-692-9101",
    "contact_email": "tempor.lorem.eget@egetmetusIn.com",
    "contact_fax": null,
    "req_bin": null,
    "req_account": null,
    "req_bank": null,
    "req_bik": null,
    "comment": "Morbi accumsan laoreet ipsum. Curabitur consequat, lectus sit amet luctus vulputate, nisi sem",
    "clientid": "3469",
    "deleted": true
  }
},
{
  "model": "lighthouse.client",
  "pk": 228,
  "fields": {
    "created": "2020-06-01T15:16:34Z",
    "clientname": "Egestas A Scelerisque Industries",
    "contact_employee": "Brady Koch",
    "id_agent": 1,
    "addr_reg": "Ap #882-6181 Orci St.",
    "contact_phone": "1-601-454-0119",
    "contact_email": "rhoncus@orciluctuset.org",
    "contact_fax": null,
    "req_bin": null,
    "req_account": null,
    "req_bank": null,
    "req_bik": null,
    "comment": "sit amet ultricies sem magna nec quam. Curabitur vel lectus.",
    "clientid": "2319",
    "deleted": true
  }
},
{
  "model": "lighthouse.client",
  "pk": 229,
  "fields": {
    "created": "2020-10-17T10:16:01Z",
    "clientname": "Urna Corporation",
    "contact_employee": "Upton Carter",
    "id_agent": 1,
    "addr_reg": "563-446 Ipsum St.",
    "contact_phone": "1-165-733-8650",
    "contact_email": "laoreet.posuere.enim@Inatpede.edu",
    "contact_fax": null,
    "req_bin": null,
    "req_account": null,
    "req_bank": null,
    "req_bik": null,
    "comment": "aliquam eros turpis non enim. Mauris quis turpis vitae purus gravida sagittis. Duis gravida. Praesent eu nulla at sem",
    "clientid": "6586",
    "deleted": false
  }
},
{
  "model": "lighthouse.client",
  "pk": 230,
  "fields": {
    "created": "2019-09-20T06:30:37Z",
    "clientname": "Dolor Inc.",
    "contact_employee": "Derek Orr",
    "id_agent": 1,
    "addr_reg": "P.O. Box 773, 3568 Ante Rd.",
    "contact_phone": "1-681-489-0913",
    "contact_email": "elementum@magnaseddui.ca",
    "contact_fax": null,
    "req_bin": null,
    "req_account": null,
    "req_bank": null,
    "req_bik": null,
    "comment": "ut nisi a odio semper cursus. Integer mollis. Integer tincidunt aliquam arcu. Aliquam ultrices iaculis odio. Nam",
    "clientid": "2648",
    "deleted": true
  }
},
{
  "model": "lighthouse.client",
  "pk": 231,
  "fields": {
    "created": "2021-03-06T18:04:20Z",
    "clientname": "Viverra Donec Associates",
    "contact_employee": "Kibo Ball",
    "id_agent": 1,
    "addr_reg": "602-2937 Risus Rd.",
    "contact_phone": "1-858-500-6234",
    "contact_email": "quam.a@aliquetmagna.co.uk",
    "contact_fax": null,
    "req_bin": null,
    "req_account": null,
    "req_bank": null,
    "req_bik": null,
    "comment": "hendrerit consectetuer, cursus et, magna. Praesent interdum ligula eu enim.",
    "clientid": "1285",
    "deleted": false
  }
},
{
  "model": "lighthouse.client",
  "pk": 232,
  "fields": {
    "created": "2021-03-15T05:42:30Z",
    "clientname": "Interdum Enim Non Consulting",
    "contact_employee": "Alvin Drake",
    "id_agent": 1,
    "addr_reg": "Ap #458-2097 A Rd.",
    "contact_phone": "1-934-338-7345",
    "contact_email": "malesuada@Nullasemper.org",
    "contact_fax": null,
    "req_bin": null,
    "req_account": null,
    "req_bank": null,
    "req_bik": null,
    "comment": "aliquet, sem ut cursus luctus, ipsum leo elementum sem, vitae aliquam eros turpis non",
    "clientid": "9749",
    "deleted": true
  }
},
{
  "model": "lighthouse.client",
  "pk": 233,
  "fields": {
    "created": "2020-02-23T05:09:09Z",
    "clientname": "Vestibulum Massa Rutrum Consulting",
    "contact_employee": "Colin Mullen",
    "id_agent": 1,
    "addr_reg": "749-1176 Dapibus St.",
    "contact_phone": "1-993-768-8681",
    "contact_email": "felis@mipedenonummy.co.uk",
    "contact_fax": null,
    "req_bin": null,
    "req_account": null,
    "req_bank": null,
    "req_bik": null,
    "comment": "mi lacinia mattis. Integer eu lacus. Quisque imperdiet, erat nonummy ultricies ornare, elit elit fermentum risus, at fringilla",
    "clientid": "5837",
    "deleted": false
  }
},
{
  "model": "lighthouse.client",
  "pk": 234,
  "fields": {
    "created": "2019-11-29T15:03:58Z",
    "clientname": "Natoque Penatibus Et Industries",
    "contact_employee": "Bert Mckee",
    "id_agent": 1,
    "addr_reg": "P.O. Box 379, 4571 Ut St.",
    "contact_phone": "1-886-797-4875",
    "contact_email": "Aliquam.nec.enim@Aeneanegestas.co.uk",
    "contact_fax": null,
    "req_bin": null,
    "req_account": null,
    "req_bank": null,
    "req_bik": null,
    "comment": "egestas nunc sed libero. Proin sed turpis nec mauris blandit mattis. Cras eget nisi",
    "clientid": "5681",
    "deleted": true
  }
},
{
  "model": "lighthouse.client",
  "pk": 235,
  "fields": {
    "created": "2019-10-29T14:06:32Z",
    "clientname": "Congue Consulting",
    "contact_employee": "Dean Parsons",
    "id_agent": 1,
    "addr_reg": "248-9440 Cum Rd.",
    "contact_phone": "1-927-480-5956",
    "contact_email": "quis.turpis@luctus.net",
    "contact_fax": null,
    "req_bin": null,
    "req_account": null,
    "req_bank": null,
    "req_bik": null,
    "comment": "elit, pretium et, rutrum non, hendrerit id, ante. Nunc mauris sapien, cursus in, hendrerit consectetuer, cursus",
    "clientid": "4478",
    "deleted": true
  }
},
{
  "model": "lighthouse.client",
  "pk": 236,
  "fields": {
    "created": "2020-06-07T08:57:42Z",
    "clientname": "Et Consulting",
    "contact_employee": "Tucker Miles",
    "id_agent": 1,
    "addr_reg": "Ap #210-9183 Est, Av.",
    "contact_phone": "1-474-811-1487",
    "contact_email": "Sed@eu.com",
    "contact_fax": null,
    "req_bin": null,
    "req_account": null,
    "req_bank": null,
    "req_bik": null,
    "comment": "tincidunt orci quis lectus. Nullam suscipit, est ac facilisis facilisis, magna tellus faucibus leo, in lobortis",
    "clientid": "6461",
    "deleted": true
  }
},
{
  "model": "lighthouse.client",
  "pk": 237,
  "fields": {
    "created": "2019-07-22T05:22:35Z",
    "clientname": "Tincidunt Pede Corp.",
    "contact_employee": "Burton Neal",
    "id_agent": 1,
    "addr_reg": "Ap #494-4572 Non, Street",
    "contact_phone": "1-981-282-4412",
    "contact_email": "dictum@orci.org",
    "contact_fax": null,
    "req_bin": null,
    "req_account": null,
    "req_bank": null,
    "req_bik": null,
    "comment": "sapien, gravida non, sollicitudin a, malesuada id, erat. Etiam vestibulum massa rutrum magna. Cras convallis convallis",
    "clientid": "1689",
    "deleted": false
  }
},
{
  "model": "lighthouse.client",
  "pk": 238,
  "fields": {
    "created": "2020-01-09T02:56:02Z",
    "clientname": "Ante Maecenas Mi Foundation",
    "contact_employee": "Stephen Shields",
    "id_agent": 1,
    "addr_reg": "Ap #823-7258 Eu St.",
    "contact_phone": "1-955-161-0471",
    "contact_email": "libero.Proin.sed@ultriciesadipiscing.org",
    "contact_fax": null,
    "req_bin": null,
    "req_account": null,
    "req_bank": null,
    "req_bik": null,
    "comment": "vestibulum lorem, sit amet ultricies sem magna nec quam. Curabitur vel lectus. Cum sociis natoque penatibus et magnis dis",
    "clientid": "3402",
    "deleted": true
  }
},
{
  "model": "lighthouse.client",
  "pk": 239,
  "fields": {
    "created": "2020-11-04T04:45:24Z",
    "clientname": "Augue Industries",
    "contact_employee": "Wallace Stout",
    "id_agent": 1,
    "addr_reg": "621-7749 Dapibus Ave",
    "contact_phone": "1-215-630-5659",
    "contact_email": "nunc@Nunc.co.uk",
    "contact_fax": null,
    "req_bin": null,
    "req_account": null,
    "req_bank": null,
    "req_bik": null,
    "comment": "mus. Aenean eget magna. Suspendisse tristique neque venenatis lacus. Etiam bibendum",
    "clientid": "7554",
    "deleted": true
  }
},
{
  "model": "lighthouse.client",
  "pk": 240,
  "fields": {
    "created": "2020-03-06T00:23:24Z",
    "clientname": "Dapibus Rutrum Justo Foundation",
    "contact_employee": "Reed Washington",
    "id_agent": 1,
    "addr_reg": "P.O. Box 603, 4419 Risus Ave",
    "contact_phone": "1-840-724-7509",
    "contact_email": "ullamcorper.Duis@Nunc.net",
    "contact_fax": null,
    "req_bin": null,
    "req_account": null,
    "req_bank": null,
    "req_bik": null,
    "comment": "Sed dictum. Proin eget odio. Aliquam vulputate ullamcorper magna. Sed",
    "clientid": "9388",
    "deleted": true
  }
},
{
  "model": "lighthouse.client",
  "pk": 241,
  "fields": {
    "created": "2019-11-02T03:44:48Z",
    "clientname": "Sem Vitae Institute",
    "contact_employee": "Judah Holcomb",
    "id_agent": 1,
    "addr_reg": "8992 Purus, St.",
    "contact_phone": "1-282-759-8145",
    "contact_email": "leo.in.lobortis@sedtortor.ca",
    "contact_fax": null,
    "req_bin": null,
    "req_account": null,
    "req_bank": null,
    "req_bik": null,
    "comment": "fermentum risus, at fringilla purus mauris a nunc. In at",
    "clientid": "9671",
    "deleted": true
  }
},
{
  "model": "lighthouse.client",
  "pk": 242,
  "fields": {
    "created": "2019-10-22T23:42:50Z",
    "clientname": "Pede Cum Sociis LLC",
    "contact_employee": "Finn Nelson",
    "id_agent": 1,
    "addr_reg": "Ap #212-3707 Non Av.",
    "contact_phone": "1-473-344-8631",
    "contact_email": "ultricies@elitCurabitur.ca",
    "contact_fax": null,
    "req_bin": null,
    "req_account": null,
    "req_bank": null,
    "req_bik": null,
    "comment": "enim. Suspendisse aliquet, sem ut cursus luctus, ipsum leo elementum",
    "clientid": "7116",
    "deleted": false
  }
},
{
  "model": "lighthouse.client",
  "pk": 243,
  "fields": {
    "created": "2020-08-11T08:33:47Z",
    "clientname": "Cras Lorem Incorporated",
    "contact_employee": "Dylan Soto",
    "id_agent": 1,
    "addr_reg": "642-2026 Ipsum Avenue",
    "contact_phone": "1-718-214-9422",
    "contact_email": "tincidunt.congue@Cras.ca",
    "contact_fax": null,
    "req_bin": null,
    "req_account": null,
    "req_bank": null,
    "req_bik": null,
    "comment": "diam. Duis mi enim, condimentum eget, volutpat ornare, facilisis eget, ipsum. Donec",
    "clientid": "3873",
    "deleted": true
  }
},
{
  "model": "lighthouse.client",
  "pk": 244,
  "fields": {
    "created": "2019-05-24T17:21:26Z",
    "clientname": "Iaculis Odio Nam Company",
    "contact_employee": "Zeus Hopper",
    "id_agent": 1,
    "addr_reg": "Ap #505-1216 In Road",
    "contact_phone": "1-155-954-4264",
    "contact_email": "Aliquam.erat.volutpat@risusDonec.co.uk",
    "contact_fax": null,
    "req_bin": null,
    "req_account": null,
    "req_bank": null,
    "req_bik": null,
    "comment": "in consectetuer ipsum nunc id enim. Curabitur massa. Vestibulum accumsan neque et nunc. Quisque ornare tortor at risus. Nunc ac",
    "clientid": "7079",
    "deleted": true
  }
},
{
  "model": "lighthouse.client",
  "pk": 245,
  "fields": {
    "created": "2019-05-03T08:06:07Z",
    "clientname": "Nisi Aenean Eget Industries",
    "contact_employee": "Emery Vaughn",
    "id_agent": 1,
    "addr_reg": "Ap #305-898 Ante Rd.",
    "contact_phone": "1-949-628-8151",
    "contact_email": "scelerisque.sed.sapien@adipiscingMaurismolestie.ca",
    "contact_fax": null,
    "req_bin": null,
    "req_account": null,
    "req_bank": null,
    "req_bik": null,
    "comment": "felis, adipiscing fringilla, porttitor vulputate, posuere vulputate, lacus. Cras interdum.",
    "clientid": "3697",
    "deleted": true
  }
},
{
  "model": "lighthouse.client",
  "pk": 246,
  "fields": {
    "created": "2020-02-26T21:05:15Z",
    "clientname": "Nulla LLP",
    "contact_employee": "Bevis Burke",
    "id_agent": 1,
    "addr_reg": "709-4187 Luctus. Rd.",
    "contact_phone": "1-182-801-0448",
    "contact_email": "Nullam.suscipit.est@nullaCraseu.co.uk",
    "contact_fax": null,
    "req_bin": null,
    "req_account": null,
    "req_bank": null,
    "req_bik": null,
    "comment": "penatibus et magnis dis parturient montes, nascetur ridiculus mus. Donec dignissim magna a tortor. Nunc commodo auctor velit. Aliquam",
    "clientid": "4148",
    "deleted": false
  }
},
{
  "model": "lighthouse.client",
  "pk": 247,
  "fields": {
    "created": "2020-05-09T15:10:24Z",
    "clientname": "In Foundation",
    "contact_employee": "Owen Marshall",
    "id_agent": 1,
    "addr_reg": "494-2368 Nulla Rd.",
    "contact_phone": "1-158-264-8806",
    "contact_email": "posuere.cubilia.Curae@tempusmauris.edu",
    "contact_fax": null,
    "req_bin": null,
    "req_account": null,
    "req_bank": null,
    "req_bik": null,
    "comment": "Phasellus dapibus quam quis diam. Pellentesque habitant morbi tristique senectus et netus et malesuada fames",
    "clientid": "9852",
    "deleted": true
  }
},
{
  "model": "lighthouse.client",
  "pk": 248,
  "fields": {
    "created": "2021-03-31T11:16:53Z",
    "clientname": "\u0424\u0435\u0440\u043c\u0435\u0440\u0441\u043a\u043e\u0435 \u0445\u043e\u0437\u044f\u0439\u0441\u0442\u0432\u043e \u041f\u0430\u0432\u043b\u043e\u0434\u0430\u0440\u041e\u0432\u0446\u0430",
    "contact_employee": "Aladdin Acevedo",
    "id_agent": 1,
    "addr_reg": "P.O. Box 665, 851 Ac Av.",
    "contact_phone": "1-374-259-1490",
    "contact_email": "faucibus.orci.luctus@etlibero.edu",
    "contact_fax": null,
    "req_bin": null,
    "req_account": null,
    "req_bank": null,
    "req_bik": null,
    "comment": "fringilla mi lacinia mattis. Integer eu lacus. Quisque imperdiet, erat nonummy ultricies ornare, elit elit",
    "clientid": "3896",
    "deleted": true
  }
},
{
  "model": "lighthouse.client",
  "pk": 249,
  "fields": {
    "created": "2019-04-24T15:49:08Z",
    "clientname": "Eleifend Consulting",
    "contact_employee": "Kasper Potts",
    "id_agent": 1,
    "addr_reg": "3305 Eget Avenue",
    "contact_phone": "1-626-740-4107",
    "contact_email": "nibh@metuseu.edu",
    "contact_fax": null,
    "req_bin": null,
    "req_account": null,
    "req_bank": null,
    "req_bik": null,
    "comment": "Vivamus euismod urna. Nullam lobortis quam a felis ullamcorper viverra. Maecenas iaculis aliquet diam. Sed diam",
    "clientid": "9621",
    "deleted": true
  }
},
{
  "model": "lighthouse.client",
  "pk": 250,
  "fields": {
    "created": "2021-02-17T02:01:34Z",
    "clientname": "Non Institute",
    "contact_employee": "Julian Rocha",
    "id_agent": 1,
    "addr_reg": "P.O. Box 112, 8818 Curabitur St.",
    "contact_phone": "1-853-518-0889",
    "contact_email": "lectus.Nullam.suscipit@molestiepharetra.co.uk",
    "contact_fax": null,
    "req_bin": null,
    "req_account": null,
    "req_bank": null,
    "req_bik": null,
    "comment": "id enim. Curabitur massa. Vestibulum accumsan neque et nunc. Quisque ornare tortor at risus. Nunc ac sem ut dolor dapibus",
    "clientid": "8007",
    "deleted": false
  }
},
{
  "model": "lighthouse.client",
  "pk": 251,
  "fields": {
    "created": "2019-11-15T17:29:19Z",
    "clientname": "Fusce Aliquam Company",
    "contact_employee": "Lyle Ellis",
    "id_agent": 1,
    "addr_reg": "Ap #751-5228 Ut Ave",
    "contact_phone": "1-451-766-6716",
    "contact_email": "dolor@vitaeeratvel.org",
    "contact_fax": null,
    "req_bin": null,
    "req_account": null,
    "req_bank": null,
    "req_bik": null,
    "comment": "ut quam vel sapien imperdiet ornare. In faucibus. Morbi vehicula.",
    "clientid": "4919",
    "deleted": true
  }
},
{
  "model": "lighthouse.client",
  "pk": 252,
  "fields": {
    "created": "2020-06-04T15:59:46Z",
    "clientname": "Et Magna Praesent Inc.",
    "contact_employee": "Barclay Blair",
    "id_agent": 1,
    "addr_reg": "9285 Quam Road",
    "contact_phone": "1-616-800-3788",
    "contact_email": "sed.pede.Cum@lectus.edu",
    "contact_fax": null,
    "req_bin": null,
    "req_account": null,
    "req_bank": null,
    "req_bik": null,
    "comment": "Curae; Phasellus ornare. Fusce mollis. Duis sit amet diam eu",
    "clientid": "4543",
    "deleted": true
  }
},
{
  "model": "lighthouse.client",
  "pk": 253,
  "fields": {
    "created": "2020-10-19T03:52:12Z",
    "clientname": "Semper Nam Tempor Corporation",
    "contact_employee": "Raja Calderon",
    "id_agent": 1,
    "addr_reg": "4197 Luctus Av.",
    "contact_phone": "1-947-218-3667",
    "contact_email": "amet@dolor.ca",
    "contact_fax": null,
    "req_bin": null,
    "req_account": null,
    "req_bank": null,
    "req_bik": null,
    "comment": "a, facilisis non, bibendum sed, est. Nunc laoreet lectus quis massa. Mauris vestibulum, neque sed",
    "clientid": "3251",
    "deleted": false
  }
},
{
  "model": "lighthouse.client",
  "pk": 254,
  "fields": {
    "created": "2020-08-28T01:32:31Z",
    "clientname": "Proin Dolor Nulla Industries",
    "contact_employee": "Malcolm Riley",
    "id_agent": 1,
    "addr_reg": "769-8529 Curae; Rd.",
    "contact_phone": "1-781-753-5924",
    "contact_email": "id.nunc.interdum@commodoatlibero.edu",
    "contact_fax": null,
    "req_bin": null,
    "req_account": null,
    "req_bank": null,
    "req_bik": null,
    "comment": "Donec fringilla. Donec feugiat metus sit amet ante. Vivamus non lorem vitae",
    "clientid": "6335",
    "deleted": false
  }
},
{
  "model": "lighthouse.client",
  "pk": 255,
  "fields": {
    "created": "2019-09-20T08:57:38Z",
    "clientname": "Volutpat Ltd",
    "contact_employee": "Amos Saunders",
    "id_agent": 1,
    "addr_reg": "P.O. Box 547, 9948 Vestibulum Street",
    "contact_phone": "1-127-165-7861",
    "contact_email": "aliquam.adipiscing@non.org",
    "contact_fax": null,
    "req_bin": null,
    "req_account": null,
    "req_bank": null,
    "req_bik": null,
    "comment": "sed, hendrerit a, arcu. Sed et libero. Proin mi. Aliquam gravida mauris ut mi. Duis risus",
    "clientid": "2741",
    "deleted": true
  }
},
{
  "model": "lighthouse.client",
  "pk": 256,
  "fields": {
    "created": "2019-07-11T06:03:32Z",
    "clientname": "Taciti PC",
    "contact_employee": "Lucas Cervantes",
    "id_agent": 1,
    "addr_reg": "761 Magnis Av.",
    "contact_phone": "1-859-798-2504",
    "contact_email": "vehicula@porttitorvulputateposuere.net",
    "contact_fax": null,
    "req_bin": null,
    "req_account": null,
    "req_bank": null,
    "req_bik": null,
    "comment": "et pede. Nunc sed orci lobortis augue scelerisque mollis. Phasellus libero mauris, aliquam eu, accumsan sed, facilisis",
    "clientid": "5472",
    "deleted": false
  }
},
{
  "model": "lighthouse.client",
  "pk": 257,
  "fields": {
    "created": "2021-02-18T13:29:47Z",
    "clientname": "Luctus Ltd",
    "contact_employee": "Thomas Anthony",
    "id_agent": 1,
    "addr_reg": "P.O. Box 881, 4908 Nec, St.",
    "contact_phone": "1-460-139-8556",
    "contact_email": "netus.et@auctor.org",
    "contact_fax": null,
    "req_bin": null,
    "req_account": null,
    "req_bank": null,
    "req_bik": null,
    "comment": "eros. Nam consequat dolor vitae dolor. Donec fringilla. Donec feugiat",
    "clientid": "5182",
    "deleted": false
  }
},
{
  "model": "lighthouse.client",
  "pk": 258,
  "fields": {
    "created": "2020-06-21T05:30:04Z",
    "clientname": "Purus LLC",
    "contact_employee": "Bruce Hernandez",
    "id_agent": 1,
    "addr_reg": "Ap #322-4272 Mauris Av.",
    "contact_phone": "1-163-927-4758",
    "contact_email": "hendrerit@auguemalesuada.co.uk",
    "contact_fax": null,
    "req_bin": null,
    "req_account": null,
    "req_bank": null,
    "req_bik": null,
    "comment": "nascetur ridiculus mus. Donec dignissim magna a tortor. Nunc commodo auctor velit. Aliquam nisl. Nulla eu",
    "clientid": "3192",
    "deleted": false
  }
},
{
  "model": "lighthouse.client",
  "pk": 259,
  "fields": {
    "created": "2021-01-17T10:48:16Z",
    "clientname": "Donec Luctus Aliquet Inc.",
    "contact_employee": "Hunter Humphrey",
    "id_agent": 1,
    "addr_reg": "9569 Quam St.",
    "contact_phone": "1-484-539-3218",
    "contact_email": "odio@Nunc.net",
    "contact_fax": null,
    "req_bin": null,
    "req_account": null,
    "req_bank": null,
    "req_bik": null,
    "comment": "tellus, imperdiet non, vestibulum nec, euismod in, dolor. Fusce feugiat. Lorem ipsum dolor sit amet, consectetuer",
    "clientid": "7653",
    "deleted": true
  }
},
{
  "model": "lighthouse.client",
  "pk": 260,
  "fields": {
    "created": "2020-06-15T01:04:12Z",
    "clientname": "Placerat Orci Lacus Corporation",
    "contact_employee": "Christian Abbott",
    "id_agent": 1,
    "addr_reg": "Ap #972-9240 Suspendisse St.",
    "contact_phone": "1-699-951-8802",
    "contact_email": "felis.adipiscing.fringilla@dapibus.net",
    "contact_fax": null,
    "req_bin": null,
    "req_account": null,
    "req_bank": null,
    "req_bik": null,
    "comment": "arcu vel quam dignissim pharetra. Nam ac nulla. In tincidunt",
    "clientid": "5086",
    "deleted": true
  }
},
{
  "model": "lighthouse.client",
  "pk": 261,
  "fields": {
    "created": "2019-08-01T07:16:06Z",
    "clientname": "Vivamus Euismod Urna PC",
    "contact_employee": "Cedric Mclean",
    "id_agent": 1,
    "addr_reg": "3354 Mauris St.",
    "contact_phone": "1-314-202-5674",
    "contact_email": "libero.Integer.in@ipsum.ca",
    "contact_fax": null,
    "req_bin": null,
    "req_account": null,
    "req_bank": null,
    "req_bik": null,
    "comment": "Mauris ut quam vel sapien imperdiet ornare. In faucibus. Morbi vehicula. Pellentesque tincidunt tempus risus. Donec egestas. Duis",
    "clientid": "4074",
    "deleted": false
  }
},
{
  "model": "lighthouse.client",
  "pk": 262,
  "fields": {
    "created": "2020-02-16T18:21:46Z",
    "clientname": "Ut Odio LLC",
    "contact_employee": "Cole Wheeler",
    "id_agent": 1,
    "addr_reg": "P.O. Box 392, 6580 Fermentum Street",
    "contact_phone": "1-473-399-7739",
    "contact_email": "nec@ligulaNullam.net",
    "contact_fax": null,
    "req_bin": null,
    "req_account": null,
    "req_bank": null,
    "req_bik": null,
    "comment": "Cras dictum ultricies ligula. Nullam enim. Sed nulla ante, iaculis nec, eleifend non, dapibus",
    "clientid": "7501",
    "deleted": true
  }
},
{
  "model": "lighthouse.client",
  "pk": 263,
  "fields": {
    "created": "2019-09-15T19:13:39Z",
    "clientname": "Non Corporation",
    "contact_employee": "Bradley Rojas",
    "id_agent": 1,
    "addr_reg": "P.O. Box 670, 7894 Ultrices. St.",
    "contact_phone": "1-367-995-5704",
    "contact_email": "montes.nascetur.ridiculus@consectetuereuismodest.com",
    "contact_fax": null,
    "req_bin": null,
    "req_account": null,
    "req_bank": null,
    "req_bik": null,
    "comment": "augue id ante dictum cursus. Nunc mauris elit, dictum eu, eleifend nec, malesuada ut,",
    "clientid": "3148",
    "deleted": false
  }
},
{
  "model": "lighthouse.client",
  "pk": 264,
  "fields": {
    "created": "2020-07-31T17:55:43Z",
    "clientname": "Eget Tincidunt Dui Company",
    "contact_employee": "Hu Mckinney",
    "id_agent": 1,
    "addr_reg": "686-7498 Ligula. St.",
    "contact_phone": "1-666-228-6175",
    "contact_email": "Vivamus@enimsitamet.co.uk",
    "contact_fax": null,
    "req_bin": null,
    "req_account": null,
    "req_bank": null,
    "req_bik": null,
    "comment": "Cras eu tellus eu augue porttitor interdum. Sed auctor odio a purus. Duis elementum, dui",
    "clientid": "8606",
    "deleted": true
  }
},
{
  "model": "lighthouse.client",
  "pk": 265,
  "fields": {
    "created": "2019-05-21T08:30:34Z",
    "clientname": "Nunc Ullamcorper Eu Company",
    "contact_employee": "Nathaniel Rocha",
    "id_agent": 1,
    "addr_reg": "866-569 Sed St.",
    "contact_phone": "1-402-776-9724",
    "contact_email": "mattis@quamafelis.edu",
    "contact_fax": null,
    "req_bin": null,
    "req_account": null,
    "req_bank": null,
    "req_bik": null,
    "comment": "Quisque libero lacus, varius et, euismod et, commodo at, libero. Morbi accumsan laoreet ipsum. Curabitur consequat,",
    "clientid": "8475",
    "deleted": false
  }
},
{
  "model": "lighthouse.client",
  "pk": 266,
  "fields": {
    "created": "2019-04-19T03:46:43Z",
    "clientname": "Ante Dictum Foundation",
    "contact_employee": "Honorato Murphy",
    "id_agent": 1,
    "addr_reg": "Ap #841-4227 Gravida St.",
    "contact_phone": "1-467-218-9447",
    "contact_email": "enim.gravida.sit@felis.edu",
    "contact_fax": null,
    "req_bin": null,
    "req_account": null,
    "req_bank": null,
    "req_bik": null,
    "comment": "Nulla facilisi. Sed neque. Sed eget lacus. Mauris non dui nec urna suscipit nonummy. Fusce fermentum",
    "clientid": "6014",
    "deleted": true
  }
},
{
  "model": "lighthouse.client",
  "pk": 267,
  "fields": {
    "created": "2020-01-11T03:03:46Z",
    "clientname": "Nullam Corporation",
    "contact_employee": "Brennan Potts",
    "id_agent": 1,
    "addr_reg": "Ap #786-2639 Aptent Avenue",
    "contact_phone": "1-333-283-7953",
    "contact_email": "arcu.Curabitur@consectetuereuismodest.com",
    "contact_fax": null,
    "req_bin": null,
    "req_account": null,
    "req_bank": null,
    "req_bik": null,
    "comment": "Mauris non dui nec urna suscipit nonummy. Fusce fermentum fermentum arcu. Vestibulum ante ipsum primis in",
    "clientid": "5131",
    "deleted": false
  }
},
{
  "model": "lighthouse.client",
  "pk": 268,
  "fields": {
    "created": "2021-04-03T19:12:30Z",
    "clientname": "Nulla Institute",
    "contact_employee": "Melvin Emerson",
    "id_agent": 1,
    "addr_reg": "Ap #342-1297 Cras Ave",
    "contact_phone": "1-930-626-9578",
    "contact_email": "elit.Aliquam.auctor@molestie.org",
    "contact_fax": null,
    "req_bin": null,
    "req_account": null,
    "req_bank": null,
    "req_bik": null,
    "comment": "imperdiet dictum magna. Ut tincidunt orci quis lectus. Nullam suscipit,",
    "clientid": "5350",
    "deleted": true
  }
},
{
  "model": "lighthouse.client",
  "pk": 269,
  "fields": {
    "created": "2019-06-05T19:38:08Z",
    "clientname": "Id Ltd",
    "contact_employee": "Hamilton Matthews",
    "id_agent": 1,
    "addr_reg": "703-9007 Semper. Avenue",
    "contact_phone": "1-941-859-8256",
    "contact_email": "pellentesque.a@egestasDuisac.edu",
    "contact_fax": null,
    "req_bin": null,
    "req_account": null,
    "req_bank": null,
    "req_bik": null,
    "comment": "Proin mi. Aliquam gravida mauris ut mi. Duis risus odio, auctor vitae, aliquet nec, imperdiet nec, leo. Morbi neque tellus,",
    "clientid": "4576",
    "deleted": true
  }
},
{
  "model": "lighthouse.client",
  "pk": 270,
  "fields": {
    "created": "2019-05-12T20:30:10Z",
    "clientname": "Massa Vestibulum PC",
    "contact_employee": "Zahir Ferguson",
    "id_agent": 1,
    "addr_reg": "3451 Congue Ave",
    "contact_phone": "1-702-349-7936",
    "contact_email": "Cras@fringilla.co.uk",
    "contact_fax": null,
    "req_bin": null,
    "req_account": null,
    "req_bank": null,
    "req_bik": null,
    "comment": "Aenean eget metus. In nec orci. Donec nibh. Quisque nonummy ipsum non arcu. Vivamus sit amet risus. Donec egestas.",
    "clientid": "9351",
    "deleted": true
  }
},
{
  "model": "lighthouse.client",
  "pk": 271,
  "fields": {
    "created": "2019-12-06T02:35:02Z",
    "clientname": "\u0418\u041f \u041e\u0442\u0441\u043b\u0435\u0436\u0438\u0432\u0430\u043d\u0438\u0435",
    "contact_employee": "Hall Harvey",
    "id_agent": 1,
    "addr_reg": "4246 Consequat St.",
    "contact_phone": "1-824-199-8217",
    "contact_email": "blandit.at@condimentum.org",
    "contact_fax": null,
    "req_bin": null,
    "req_account": null,
    "req_bank": null,
    "req_bik": null,
    "comment": "sit amet massa. Quisque porttitor eros nec tellus. Nunc lectus pede, ultrices a, auctor non, feugiat",
    "clientid": "5536",
    "deleted": true
  }
},
{
  "model": "lighthouse.client",
  "pk": 272,
  "fields": {
    "created": "2019-12-28T10:54:09Z",
    "clientname": "Eu Incorporated",
    "contact_employee": "Lewis Christian",
    "id_agent": 1,
    "addr_reg": "300-6766 Erat. Road",
    "contact_phone": "1-536-915-8959",
    "contact_email": "consequat@Nullamlobortisquam.ca",
    "contact_fax": null,
    "req_bin": null,
    "req_account": null,
    "req_bank": null,
    "req_bik": null,
    "comment": "eget massa. Suspendisse eleifend. Cras sed leo. Cras vehicula aliquet libero. Integer in magna. Phasellus dolor elit, pellentesque a, facilisis",
    "clientid": "6226",
    "deleted": true
  }
},
{
  "model": "lighthouse.client",
  "pk": 273,
  "fields": {
    "created": "2019-06-27T01:37:03Z",
    "clientname": "Enim Nec LLC",
    "contact_employee": "Harlan Norton",
    "id_agent": 1,
    "addr_reg": "Ap #119-3769 Magna. Ave",
    "contact_phone": "1-901-471-1795",
    "contact_email": "vel.vulputate.eu@blanditenim.edu",
    "contact_fax": null,
    "req_bin": null,
    "req_account": null,
    "req_bank": null,
    "req_bik": null,
    "comment": "metus. In nec orci. Donec nibh. Quisque nonummy ipsum non arcu. Vivamus sit amet risus. Donec egestas. Aliquam",
    "clientid": "7801",
    "deleted": true
  }
},
{
  "model": "lighthouse.client",
  "pk": 274,
  "fields": {
    "created": "2019-12-18T06:20:01Z",
    "clientname": "Gravida Sit Amet LLC",
    "contact_employee": "Luke Franklin",
    "id_agent": 1,
    "addr_reg": "P.O. Box 519, 4991 Nunc Av.",
    "contact_phone": "1-923-420-3599",
    "contact_email": "dui@ipsumporta.com",
    "contact_fax": null,
    "req_bin": null,
    "req_account": null,
    "req_bank": null,
    "req_bik": null,
    "comment": "orci quis lectus. Nullam suscipit, est ac facilisis facilisis, magna tellus faucibus leo, in",
    "clientid": "5930",
    "deleted": true
  }
},
{
  "model": "lighthouse.client",
  "pk": 275,
  "fields": {
    "created": "2020-11-13T00:28:44Z",
    "clientname": "Enim LLP",
    "contact_employee": "Nigel Garrett",
    "id_agent": 1,
    "addr_reg": "Ap #272-9759 Egestas St.",
    "contact_phone": "1-866-202-4906",
    "contact_email": "rutrum.lorem.ac@Sed.ca",
    "contact_fax": null,
    "req_bin": null,
    "req_account": null,
    "req_bank": null,
    "req_bik": null,
    "comment": "eu, ligula. Aenean euismod mauris eu elit. Nulla facilisi. Sed neque. Sed eget lacus. Mauris non",
    "clientid": "3774",
    "deleted": true
  }
},
{
  "model": "lighthouse.client",
  "pk": 276,
  "fields": {
    "created": "2019-07-17T03:06:39Z",
    "clientname": "Orci Quis Lectus Ltd",
    "contact_employee": "Zane Acosta",
    "id_agent": 1,
    "addr_reg": "8577 Nostra, Av.",
    "contact_phone": "1-211-209-4489",
    "contact_email": "tempor.lorem.eget@famesac.ca",
    "contact_fax": null,
    "req_bin": null,
    "req_account": null,
    "req_bank": null,
    "req_bik": null,
    "comment": "Aenean egestas hendrerit neque. In ornare sagittis felis. Donec tempor, est ac mattis semper, dui lectus rutrum urna, nec luctus",
    "clientid": "8661",
    "deleted": true
  }
},
{
  "model": "lighthouse.client",
  "pk": 277,
  "fields": {
    "created": "2019-12-22T05:53:40Z",
    "clientname": "Luctus Vulputate Incorporated",
    "contact_employee": "Ulysses Douglas",
    "id_agent": 1,
    "addr_reg": "P.O. Box 245, 5134 Lobortis Rd.",
    "contact_phone": "1-355-618-0928",
    "contact_email": "eu.elit.Nulla@nonquamPellentesque.com",
    "contact_fax": null,
    "req_bin": null,
    "req_account": null,
    "req_bank": null,
    "req_bik": null,
    "comment": "nec quam. Curabitur vel lectus. Cum sociis natoque penatibus et magnis dis parturient montes, nascetur",
    "clientid": "7495",
    "deleted": true
  }
},
{
  "model": "lighthouse.client",
  "pk": 278,
  "fields": {
    "created": "2019-07-13T01:21:19Z",
    "clientname": "Metus Sit Amet PC",
    "contact_employee": "Byron Knight",
    "id_agent": 1,
    "addr_reg": "7223 Ut, Street",
    "contact_phone": "1-380-471-9773",
    "contact_email": "lacinia.Sed.congue@nuncullamcorper.co.uk",
    "contact_fax": null,
    "req_bin": null,
    "req_account": null,
    "req_bank": null,
    "req_bik": null,
    "comment": "velit. Pellentesque ultricies dignissim lacus. Aliquam rutrum lorem ac risus. Morbi",
    "clientid": "8920",
    "deleted": false
  }
},
{
  "model": "lighthouse.client",
  "pk": 279,
  "fields": {
    "created": "2020-07-14T08:39:50Z",
    "clientname": "Ante Maecenas Ltd",
    "contact_employee": "Robert Watts",
    "id_agent": 1,
    "addr_reg": "Ap #445-2612 Lorem St.",
    "contact_phone": "1-154-197-4048",
    "contact_email": "Curabitur.dictum@Phasellusataugue.net",
    "contact_fax": null,
    "req_bin": null,
    "req_account": null,
    "req_bank": null,
    "req_bik": null,
    "comment": "quis accumsan convallis, ante lectus convallis est, vitae sodales nisi magna sed dui. Fusce aliquam, enim",
    "clientid": "4706",
    "deleted": true
  }
},
{
  "model": "lighthouse.client",
  "pk": 280,
  "fields": {
    "created": "2020-02-24T02:56:53Z",
    "clientname": "Eget Laoreet Associates",
    "contact_employee": "Steel Buck",
    "id_agent": 1,
    "addr_reg": "859-3537 Dictum St.",
    "contact_phone": "1-977-115-6786",
    "contact_email": "Donec.porttitor@sodalesnisi.edu",
    "contact_fax": null,
    "req_bin": null,
    "req_account": null,
    "req_bank": null,
    "req_bik": null,
    "comment": "enim. Etiam imperdiet dictum magna. Ut tincidunt orci quis lectus. Nullam",
    "clientid": "2139",
    "deleted": true
  }
},
{
  "model": "lighthouse.client",
  "pk": 281,
  "fields": {
    "created": "2020-02-03T08:27:45Z",
    "clientname": "Eu Nulla Consulting",
    "contact_employee": "Leo Cannon",
    "id_agent": 1,
    "addr_reg": "313 Et Rd.",
    "contact_phone": "1-241-383-4515",
    "contact_email": "adipiscing.lacus@lectusconvallisest.co.uk",
    "contact_fax": null,
    "req_bin": null,
    "req_account": null,
    "req_bank": null,
    "req_bik": null,
    "comment": "gravida. Praesent eu nulla at sem molestie sodales. Mauris blandit enim consequat purus. Maecenas libero est, congue a, aliquet",
    "clientid": "5617",
    "deleted": true
  }
},
{
  "model": "lighthouse.client",
  "pk": 282,
  "fields": {
    "created": "2020-07-11T07:36:00Z",
    "clientname": "Eu Odio Phasellus Company",
    "contact_employee": "Quentin Stephenson",
    "id_agent": 1,
    "addr_reg": "P.O. Box 466, 1782 Tincidunt St.",
    "contact_phone": "1-824-856-8935",
    "contact_email": "Lorem.ipsum@diam.co.uk",
    "contact_fax": null,
    "req_bin": null,
    "req_account": null,
    "req_bank": null,
    "req_bik": null,
    "comment": "at auctor ullamcorper, nisl arcu iaculis enim, sit amet ornare lectus justo eu arcu. Morbi sit amet",
    "clientid": "2195",
    "deleted": true
  }
},
{
  "model": "lighthouse.client",
  "pk": 283,
  "fields": {
    "created": "2019-09-06T00:32:51Z",
    "clientname": "Lacus Quisque Foundation",
    "contact_employee": "Aladdin Humphrey",
    "id_agent": 1,
    "addr_reg": "Ap #165-5187 Dolor Av.",
    "contact_phone": "1-620-955-4160",
    "contact_email": "sed.est.Nunc@nislNullaeu.org",
    "contact_fax": null,
    "req_bin": null,
    "req_account": null,
    "req_bank": null,
    "req_bik": null,
    "comment": "dolor dolor, tempus non, lacinia at, iaculis quis, pede. Praesent eu dui. Cum",
    "clientid": "8540",
    "deleted": false
  }
},
{
  "model": "lighthouse.client",
  "pk": 284,
  "fields": {
    "created": "2020-05-16T15:26:04Z",
    "clientname": "In Corp.",
    "contact_employee": "Nasim Parrish",
    "id_agent": 1,
    "addr_reg": "351-8791 Lorem St.",
    "contact_phone": "1-231-736-2163",
    "contact_email": "dolor.Donec@faucibusMorbi.com",
    "contact_fax": null,
    "req_bin": null,
    "req_account": null,
    "req_bank": null,
    "req_bik": null,
    "comment": "dui quis accumsan convallis, ante lectus convallis est, vitae sodales nisi magna sed dui. Fusce aliquam, enim",
    "clientid": "6348",
    "deleted": true
  }
},
{
  "model": "lighthouse.client",
  "pk": 285,
  "fields": {
    "created": "2020-11-17T01:19:36Z",
    "clientname": "Lacus Cras Interdum Industries",
    "contact_employee": "Owen Cline",
    "id_agent": 1,
    "addr_reg": "Ap #671-5849 Donec Road",
    "contact_phone": "1-306-692-2132",
    "contact_email": "Integer.vitae@fermentum.co.uk",
    "contact_fax": null,
    "req_bin": null,
    "req_account": null,
    "req_bank": null,
    "req_bik": null,
    "comment": "Integer vulputate, risus a ultricies adipiscing, enim mi tempor lorem, eget mollis lectus pede et risus. Quisque",
    "clientid": "9204",
    "deleted": true
  }
},
{
  "model": "lighthouse.client",
  "pk": 286,
  "fields": {
    "created": "2020-04-12T04:21:13Z",
    "clientname": "Nunc Incorporated",
    "contact_employee": "Randall Delacruz",
    "id_agent": 1,
    "addr_reg": "866-8565 Sagittis Rd.",
    "contact_phone": "1-375-401-9926",
    "contact_email": "ligula@tristiqueac.co.uk",
    "contact_fax": null,
    "req_bin": null,
    "req_account": null,
    "req_bank": null,
    "req_bik": null,
    "comment": "nulla ante, iaculis nec, eleifend non, dapibus rutrum, justo. Praesent luctus. Curabitur egestas nunc",
    "clientid": "2695",
    "deleted": false
  }
},
{
  "model": "lighthouse.client",
  "pk": 287,
  "fields": {
    "created": "2020-07-01T07:17:38Z",
    "clientname": "Cursus Et Incorporated",
    "contact_employee": "Simon Avila",
    "id_agent": 1,
    "addr_reg": "932-1847 Viverra. Av.",
    "contact_phone": "1-263-601-6519",
    "contact_email": "in.consequat@velitduisemper.edu",
    "contact_fax": null,
    "req_bin": null,
    "req_account": null,
    "req_bank": null,
    "req_bik": null,
    "comment": "Morbi vehicula. Pellentesque tincidunt tempus risus. Donec egestas. Duis ac arcu.",
    "clientid": "6360",
    "deleted": true
  }
},
{
  "model": "lighthouse.client",
  "pk": 288,
  "fields": {
    "created": "2020-07-03T02:15:07Z",
    "clientname": "Sit Foundation",
    "contact_employee": "Kuame Mcknight",
    "id_agent": 1,
    "addr_reg": "Ap #426-3688 Aenean St.",
    "contact_phone": "1-749-248-5037",
    "contact_email": "vitae.odio@leoMorbi.org",
    "contact_fax": null,
    "req_bin": null,
    "req_account": null,
    "req_bank": null,
    "req_bik": null,
    "comment": "Duis cursus, diam at pretium aliquet, metus urna convallis erat, eget tincidunt dui augue eu tellus. Phasellus elit pede, malesuada",
    "clientid": "2907",
    "deleted": true
  }
},
{
  "model": "lighthouse.client",
  "pk": 289,
  "fields": {
    "created": "2019-05-04T03:25:59Z",
    "clientname": "Mattis Ornare Lectus Associates",
    "contact_employee": "Jasper Hughes",
    "id_agent": 1,
    "addr_reg": "Ap #588-6692 Enim Street",
    "contact_phone": "1-470-578-7275",
    "contact_email": "ac@aauctornon.org",
    "contact_fax": null,
    "req_bin": null,
    "req_account": null,
    "req_bank": null,
    "req_bik": null,
    "comment": "eget, volutpat ornare, facilisis eget, ipsum. Donec sollicitudin adipiscing ligula. Aenean gravida nunc sed pede. Cum sociis natoque penatibus et",
    "clientid": "4313",
    "deleted": true
  }
},
{
  "model": "lighthouse.client",
  "pk": 290,
  "fields": {
    "created": "2019-06-16T18:56:09Z",
    "clientname": "Nullam Enim Industries",
    "contact_employee": "Philip Ruiz",
    "id_agent": 1,
    "addr_reg": "P.O. Box 306, 5087 Et Rd.",
    "contact_phone": "1-779-606-7356",
    "contact_email": "nunc.interdum.feugiat@utpharetra.com",
    "contact_fax": null,
    "req_bin": null,
    "req_account": null,
    "req_bank": null,
    "req_bik": null,
    "comment": "in aliquet lobortis, nisi nibh lacinia orci, consectetuer euismod est arcu ac orci.",
    "clientid": "2608",
    "deleted": true
  }
},
{
  "model": "lighthouse.client",
  "pk": 291,
  "fields": {
    "created": "2019-08-11T14:17:46Z",
    "clientname": "Blandit At Nisi Inc.",
    "contact_employee": "Cade Holland",
    "id_agent": 1,
    "addr_reg": "Ap #350-7532 Morbi Av.",
    "contact_phone": "1-384-257-5955",
    "contact_email": "Vestibulum@tellussem.com",
    "contact_fax": null,
    "req_bin": null,
    "req_account": null,
    "req_bank": null,
    "req_bik": null,
    "comment": "congue turpis. In condimentum. Donec at arcu. Vestibulum ante ipsum primis",
    "clientid": "1328",
    "deleted": true
  }
},
{
  "model": "lighthouse.client",
  "pk": 292,
  "fields": {
    "created": "2020-01-21T04:30:00Z",
    "clientname": "In Industries",
    "contact_employee": "Orlando Robinson",
    "id_agent": 1,
    "addr_reg": "6276 Consectetuer St.",
    "contact_phone": "1-986-577-4392",
    "contact_email": "tellus@nascetur.edu",
    "contact_fax": null,
    "req_bin": null,
    "req_account": null,
    "req_bank": null,
    "req_bik": null,
    "comment": "natoque penatibus et magnis dis parturient montes, nascetur ridiculus mus. Proin vel nisl. Quisque fringilla euismod enim. Etiam gravida",
    "clientid": "6241",
    "deleted": true
  }
},
{
  "model": "lighthouse.client",
  "pk": 293,
  "fields": {
    "created": "2021-02-17T19:43:39Z",
    "clientname": "Erat PC",
    "contact_employee": "Merrill Mendez",
    "id_agent": 1,
    "addr_reg": "6136 Ligula Road",
    "contact_phone": "1-841-352-0085",
    "contact_email": "quam@Donec.co.uk",
    "contact_fax": null,
    "req_bin": null,
    "req_account": null,
    "req_bank": null,
    "req_bik": null,
    "comment": "cursus. Integer mollis. Integer tincidunt aliquam arcu. Aliquam ultrices iaculis odio. Nam interdum enim non",
    "clientid": "2853",
    "deleted": true
  }
},
{
  "model": "lighthouse.client",
  "pk": 294,
  "fields": {
    "created": "2019-10-07T12:29:19Z",
    "clientname": "Ut Sagittis LLP",
    "contact_employee": "Thor Carlson",
    "id_agent": 1,
    "addr_reg": "P.O. Box 207, 8362 Magna Rd.",
    "contact_phone": "1-726-174-2065",
    "contact_email": "magna.Lorem@quisdiam.edu",
    "contact_fax": null,
    "req_bin": null,
    "req_account": null,
    "req_bank": null,
    "req_bik": null,
    "comment": "tellus faucibus leo, in lobortis tellus justo sit amet nulla. Donec non justo. Proin non massa non",
    "clientid": "5860",
    "deleted": true
  }
},
{
  "model": "lighthouse.client",
  "pk": 295,
  "fields": {
    "created": "2020-05-14T05:20:32Z",
    "clientname": "Arcu Morbi Consulting",
    "contact_employee": "Beck Carey",
    "id_agent": 1,
    "addr_reg": "P.O. Box 414, 7044 Lectus. Rd.",
    "contact_phone": "1-171-415-7933",
    "contact_email": "eu.tempor.erat@orciinconsequat.com",
    "contact_fax": null,
    "req_bin": null,
    "req_account": null,
    "req_bank": null,
    "req_bik": null,
    "comment": "nec urna suscipit nonummy. Fusce fermentum fermentum arcu. Vestibulum ante",
    "clientid": "2571",
    "deleted": true
  }
},
{
  "model": "lighthouse.client",
  "pk": 296,
  "fields": {
    "created": "2021-01-05T16:32:23Z",
    "clientname": "\u0421\u0443\u043f\u0435\u0440-\u043a\u043b\u0438\u0435\u043d\u0442",
    "contact_employee": "\u0421\u0442\u044d\u043d \u041f\u0430\u0439\u043d\u0441",
    "id_agent": 1,
    "addr_reg": "\u041d\u043e\u0432\u043e\u0441\u0438\u0431\u0438\u0440\u0441\u043a",
    "contact_phone": "1-388-810-0495",
    "contact_email": "tellus.id.nunc@rhoncusDonec.net",
    "contact_fax": "asdasd",
    "req_bin": "BIN",
    "req_account": "Account",
    "req_bank": "\u0410\u041e \u041d\u0430\u0440\u043e\u0434\u043d\u044b\u0439 \u0431\u0430\u043d\u043a \u041a\u0430\u0437\u0430\u0445\u0441\u0442\u0430\u043d\u0430",
    "req_bik": "BIK",
    "comment": "\u0418\u043d\u043e\u0433\u0434\u0430 \u0432\u044b \u043c\u043e\u0436\u0435\u0442\u0435 \u0437\u0430\u0445\u043e\u0442\u0435\u0442\u044c \u0434\u043e\u0431\u0430\u0432\u0438\u0442\u044c \u0442\u0435\u043a\u0441\u0442 \u0434\u043b\u044f \u043e\u043f\u0440\u0435\u0434\u0435\u043b\u0435\u043d\u043d\u043e\u0439 \u043a\u043d\u043e\u043f\u043a\u0438, \u0447\u0442\u043e\u0431\u044b \u0443\u043b\u0443\u0447\u0448\u0438\u0442\u044c UX, \u043f\u043e\u0441\u043a\u043e\u043b\u044c\u043a\u0443 \u043c\u044b \u0440\u0430\u0441\u043f\u043e\u0437\u043d\u0430\u0435\u043c \u043b\u043e\u0433\u043e\u0442\u0438\u043f\u044b \u043b\u0435\u0433\u0447\u0435, \u0447\u0435\u043c \u043e\u0431\u044b\u0447\u043d\u044b\u0439 \u0442\u0435\u043a\u0441\u0442. \u041d\u0430\u043f\u0440\u0438\u043c\u0435\u0440, \u0435\u0441\u043b\u0438 \u0443 \u0432\u0430\u0441 \u0435\u0441\u0442\u044c \u043a\u043d\u043e\u043f\u043a\u0430 \u0443\u0434\u0430\u043b\u0435\u043d\u0438\u044f, \u0432\u044b \u043c\u043e\u0436\u0435\u0442\u0435 \u043f\u043e\u043c\u0435\u0442\u0438\u0442\u044c \u0435\u0435 \u0437\u043d\u0430\u0447\u043a\u043e\u043c \u043c\u0443\u0441\u043e\u0440\u043d\u043e\u0439 \u043a\u043e\u0440\u0437\u0438\u043d\u044b. \u041a\u043d\u043e\u043f\u043a\u0438 \u0441 \u0438\u043a\u043e\u043d\u043a\u0430\u043c\u0438 \u043e\u0431\u044b\u0447\u043d\u043e \u043d\u0430\u0445\u043e\u0434\u044f\u0442\u0441\u044f \u043d\u0430 \u043f\u0430\u043d\u0435\u043b\u044f\u0445 \u043d\u0430\u0432\u0438\u0433\u0430\u0446\u0438\u0438 \u0438 \u043d\u0430 \u043f\u0430\u043d\u0435\u043b\u044f\u0445 \u0438\u043d\u0441\u0442\u0440\u0443\u043c\u0435\u043d\u0442\u043e\u0432. \u0417\u043d\u0430\u0447\u043a\u0438 \u0442\u0430\u043a\u0436\u0435 \u043f\u043e\u0434\u0445\u043e\u0434\u044f\u0442 \u0434\u043b\u044f \u043a\u043d\u043e\u043f\u043e\u043a \u043f\u0435\u0440\u0435\u043a\u043b\u044e\u0447\u0435\u043d\u0438\u044f, \u043a\u043e\u0442\u043e\u0440\u044b\u0435 \u043f\u043e\u0437\u0432\u043e\u043b\u044f\u044e\u0442 \u0432\u044b\u0431\u0440\u0430\u0442\u044c \u044d\u043b\u0435\u043c\u0435\u043d\u0442 \u0438\u043b\u0438 \u043e\u0442\u043c\u0435\u043d\u0438\u0442\u044c \u0432\u044b\u0431\u043e\u0440, \u043d\u0430\u043f\u0440\u0438\u043c\u0435\u0440, \u0434\u043e\u0431\u0430\u0432\u043b\u0435\u043d\u0438\u0435 \u0438\u043b\u0438 \u0443\u0434\u0430\u043b\u0435\u043d\u0438\u0435 \u0437\u0432\u0435\u0437\u0434\u044b \u0434\u043b\u044f \u044d\u043b\u0435\u043c\u0435\u043d\u0442\u0430.",
    "clientid": "111",
    "deleted": false
  }
},
{
  "model": "lighthouse.client",
  "pk": 297,
  "fields": {
    "created": "2019-08-21T22:14:05Z",
    "clientname": "Iaculis Associates",
    "contact_employee": "Kuame Sutton",
    "id_agent": 1,
    "addr_reg": "P.O. Box 851, 9446 Interdum St.",
    "contact_phone": "1-794-800-8061",
    "contact_email": "ridiculus@mauriserateget.ca",
    "contact_fax": null,
    "req_bin": null,
    "req_account": null,
    "req_bank": null,
    "req_bik": null,
    "comment": "Mauris magna. Duis dignissim tempor arcu. Vestibulum ut eros non enim commodo hendrerit. Donec porttitor tellus non magna. Nam",
    "clientid": "1259",
    "deleted": true
  }
},
{
  "model": "lighthouse.client",
  "pk": 298,
  "fields": {
    "created": "2020-10-28T07:13:35Z",
    "clientname": "Velit Associates",
    "contact_employee": "Brett Alvarez",
    "id_agent": 1,
    "addr_reg": "7276 Leo. Av.",
    "contact_phone": "1-221-462-2747",
    "contact_email": "urna.justo@maurisrhoncusid.co.uk",
    "contact_fax": null,
    "req_bin": null,
    "req_account": null,
    "req_bank": null,
    "req_bik": null,
    "comment": "a feugiat tellus lorem eu metus. In lorem. Donec elementum, lorem ut aliquam iaculis, lacus pede sagittis augue, eu",
    "clientid": "9772",
    "deleted": true
  }
},
{
  "model": "lighthouse.client",
  "pk": 299,
  "fields": {
    "created": "2019-10-31T11:06:55Z",
    "clientname": "Dui Inc.",
    "contact_employee": "Colin Knight",
    "id_agent": 1,
    "addr_reg": "6244 Magna Avenue",
    "contact_phone": "1-802-813-3974",
    "contact_email": "vel.est@gravida.net",
    "contact_fax": null,
    "req_bin": null,
    "req_account": null,
    "req_bank": null,
    "req_bik": null,
    "comment": "a, scelerisque sed, sapien. Nunc pulvinar arcu et pede. Nunc sed",
    "clientid": "6472",
    "deleted": true
  }
},
{
  "model": "lighthouse.client",
  "pk": 300,
  "fields": {
    "created": "2020-08-21T18:06:36Z",
    "clientname": "Sit Corporation",
    "contact_employee": "Dustin Moran",
    "id_agent": 1,
    "addr_reg": "8194 Nec, Rd.",
    "contact_phone": "1-992-768-8883",
    "contact_email": "arcu@eu.edu",
    "contact_fax": null,
    "req_bin": null,
    "req_account": null,
    "req_bank": null,
    "req_bik": null,
    "comment": "nascetur ridiculus mus. Donec dignissim magna a tortor. Nunc commodo",
    "clientid": "9219",
    "deleted": false
  }
},
{
  "model": "lighthouse.client",
  "pk": 301,
  "fields": {
    "created": "2019-11-03T15:43:12Z",
    "clientname": "Fusce Feugiat Consulting",
    "contact_employee": "Kenneth Wong",
    "id_agent": 1,
    "addr_reg": "7291 Molestie Av.",
    "contact_phone": "1-587-469-2753",
    "contact_email": "Sed@Morbivehicula.net",
    "contact_fax": null,
    "req_bin": null,
    "req_account": null,
    "req_bank": null,
    "req_bik": null,
    "comment": "Vestibulum ante ipsum primis in faucibus orci luctus et ultrices posuere cubilia Curae; Donec tincidunt. Donec",
    "clientid": "9235",
    "deleted": true
  }
},
{
  "model": "lighthouse.client",
  "pk": 302,
  "fields": {
    "created": "2020-10-17T11:30:23Z",
    "clientname": "\u0422\u041e\u041e \u0421\u0435\u0440\u0432\u0438\u0441\u041a\u043e\u043c",
    "contact_employee": "Thane Savage",
    "id_agent": 1,
    "addr_reg": "P.O. Box 222, 1612 Et Rd.",
    "contact_phone": "1-230-375-5864",
    "contact_email": "accumsan.interdum@luctuset.ca",
    "contact_fax": null,
    "req_bin": null,
    "req_account": null,
    "req_bank": null,
    "req_bik": null,
    "comment": "Aenean massa. Integer vitae nibh. Donec est mauris, rhoncus id, mollis nec, cursus",
    "clientid": "1538",
    "deleted": true
  }
},
{
  "model": "lighthouse.client",
  "pk": 303,
  "fields": {
    "created": "2019-08-11T22:20:37Z",
    "clientname": "Inceptos Hymenaeos Ltd",
    "contact_employee": "Reed Golden",
    "id_agent": 1,
    "addr_reg": "Ap #461-9104 Fusce St.",
    "contact_phone": "1-261-230-8624",
    "contact_email": "natoque@Mauris.org",
    "contact_fax": null,
    "req_bin": null,
    "req_account": null,
    "req_bank": null,
    "req_bik": null,
    "comment": "dui. Cras pellentesque. Sed dictum. Proin eget odio. Aliquam vulputate ullamcorper magna. Sed eu eros. Nam",
    "clientid": "1933",
    "deleted": true
  }
},
{
  "model": "lighthouse.client",
  "pk": 304,
  "fields": {
    "created": "2019-05-29T17:30:03Z",
    "clientname": "Sapien Company",
    "contact_employee": "Mohammad Mays",
    "id_agent": 1,
    "addr_reg": "410-8997 At, Av.",
    "contact_phone": "1-167-236-3278",
    "contact_email": "Proin@Nunccommodoauctor.com",
    "contact_fax": null,
    "req_bin": null,
    "req_account": null,
    "req_bank": null,
    "req_bik": null,
    "comment": "erat semper rutrum. Fusce dolor quam, elementum at, egestas a, scelerisque sed, sapien.",
    "clientid": "8194",
    "deleted": true
  }
},
{
  "model": "lighthouse.client",
  "pk": 305,
  "fields": {
    "created": "2019-04-28T02:50:53Z",
    "clientname": "Dignissim Pharetra Nam LLC",
    "contact_employee": "Fuller Dawson",
    "id_agent": 1,
    "addr_reg": "8404 Donec Avenue",
    "contact_phone": "1-113-543-7020",
    "contact_email": "nec.ligula@nostra.co.uk",
    "contact_fax": null,
    "req_bin": null,
    "req_account": null,
    "req_bank": null,
    "req_bik": null,
    "comment": "Quisque purus sapien, gravida non, sollicitudin a, malesuada id, erat. Etiam vestibulum massa rutrum magna. Cras",
    "clientid": "2368",
    "deleted": true
  }
},
{
  "model": "lighthouse.client",
  "pk": 306,
  "fields": {
    "created": "2019-10-20T17:53:14Z",
    "clientname": "Quis Institute",
    "contact_employee": "Rigel Russell",
    "id_agent": 1,
    "addr_reg": "Ap #446-2151 In Av.",
    "contact_phone": "1-957-210-6019",
    "contact_email": "eget.metus@lectuspede.com",
    "contact_fax": null,
    "req_bin": null,
    "req_account": null,
    "req_bank": null,
    "req_bik": null,
    "comment": "mauris a nunc. In at pede. Cras vulputate velit eu sem. Pellentesque ut ipsum",
    "clientid": "5361",
    "deleted": true
  }
},
{
  "model": "lighthouse.client",
  "pk": 307,
  "fields": {
    "created": "2020-03-10T10:13:52Z",
    "clientname": "Neque Tellus Institute",
    "contact_employee": "Davis Rosario",
    "id_agent": 1,
    "addr_reg": "P.O. Box 480, 8546 Ullamcorper, St.",
    "contact_phone": "1-788-779-2918",
    "contact_email": "sollicitudin@arcu.net",
    "contact_fax": null,
    "req_bin": null,
    "req_account": null,
    "req_bank": null,
    "req_bik": null,
    "comment": "tempor lorem, eget mollis lectus pede et risus. Quisque libero lacus, varius et, euismod et, commodo at,",
    "clientid": "5499",
    "deleted": false
  }
},
{
  "model": "lighthouse.client",
  "pk": 309,
  "fields": {
    "created": "2020-04-15T03:32:31.916Z",
    "clientname": "\u0421\u0443\u043f\u0435\u0440-\u043a\u043b\u0438\u0435\u043d\u0442",
    "contact_employee": "\u0421\u0442\u044d\u043d \u041f\u0430\u0439\u043d\u0441",
    "id_agent": 1,
    "addr_reg": "\u041d\u043e\u0432\u043e\u0441\u0438\u0431\u0438\u0440\u0441\u043a",
    "contact_phone": "1-388-810-0495",
    "contact_email": "tellus.id.nunc@rhoncusDonec.net",
    "contact_fax": "asdasd",
    "req_bin": "BIN",
    "req_account": "Account",
    "req_bank": "Bank",
    "req_bik": "BIK",
    "comment": "arcu. Aliquam ultrices iaculis odio. Nam interdum enim non nisi. Aenean eget metus. In nec orci. Donec nibh. Quisque nonummy",
    "clientid": "111",
    "deleted": false
  }
},
{
  "model": "lighthouse.client",
  "pk": 310,
  "fields": {
    "created": "2020-04-15T03:34:55.487Z",
    "clientname": "\u0421\u0443\u043f\u0435\u0440-\u043a\u043b\u0438\u0435\u043d\u0442",
    "contact_employee": "\u0421\u0442\u044d\u043d \u041f\u0430\u0439\u043d\u0441",
    "id_agent": 1,
    "addr_reg": "\u041d\u043e\u0432\u043e\u0441\u0438\u0431\u0438\u0440\u0441\u043a",
    "contact_phone": "1-388-810-0495",
    "contact_email": "tellus.id.nunc@rhoncusDonec.net",
    "contact_fax": "asdasd",
    "req_bin": "BIN",
    "req_account": "Account",
    "req_bank": "Bank",
    "req_bik": "BIK",
    "comment": "arcu. Aliquam ultrices iaculis odio. Nam interdum enim non nisi. Aenean eget metus. In nec orci. Donec nibh. Quisque nonummy",
    "clientid": "111",
    "deleted": false
  }
},
{
  "model": "lighthouse.client",
  "pk": 311,
  "fields": {
    "created": "2020-04-15T03:56:50.297Z",
    "clientname": "\u0421\u0443\u043f\u0435\u0440-\u043a\u043b\u0438\u0435\u043d\u0442",
    "contact_employee": "\u0421\u0442\u044d\u043d \u041f\u0430\u0439\u043d\u0441",
    "id_agent": 1,
    "addr_reg": "\u041d\u043e\u0432\u043e\u0441\u0438\u0431\u0438\u0440\u0441\u043a",
    "contact_phone": "1-388-810-0495",
    "contact_email": "tellus.id.nunc@rhoncusDonec.net",
    "contact_fax": "asdasd",
    "req_bin": "BIN",
    "req_account": "Account",
    "req_bank": "Bank",
    "req_bik": "BIK",
    "comment": "arcu. Aliquam ultrices iaculis odio. Nam interdum enim non nisi. Aenean eget metus. In nec orci. Donec nibh. Quisque nonummy",
    "clientid": "111",
    "deleted": false
  }
},
{
  "model": "lighthouse.client",
  "pk": 312,
  "fields": {
    "created": "2020-04-15T05:56:51.187Z",
    "clientname": "\u0421\u0443\u043f\u0435\u0440-\u043a\u043b\u0438\u0435\u043d\u0442",
    "contact_employee": "\u0421\u0442\u044d\u043d \u041f\u0430\u0439\u043d\u0441",
    "id_agent": 1,
    "addr_reg": "\u041d\u043e\u0432\u043e\u0441\u0438\u0431\u0438\u0440\u0441\u043a",
    "contact_phone": "1-388-810-0495",
    "contact_email": "tellus.id.nunc@rhoncusDonec.net",
    "contact_fax": "asdasd",
    "req_bin": "BIN",
    "req_account": "Account",
    "req_bank": "Bank",
    "req_bik": "BIK",
    "comment": "arcu. Aliquam ultrices iaculis odio. Nam interdum enim non nisi. Aenean eget metus. In nec orci. Donec nibh. Quisque nonummy",
    "clientid": "111",
    "deleted": false
  }
},
{
  "model": "lighthouse.client",
  "pk": 313,
  "fields": {
    "created": "2020-04-15T07:20:40.822Z",
    "clientname": "\u0421\u0443\u043f\u0435\u0440-\u043a\u043b\u0438\u0435\u043d\u0442",
    "contact_employee": "\u0421\u0442\u044d\u043d \u041f\u0430\u0439\u043d\u0441",
    "id_agent": 1,
    "addr_reg": "\u041d\u043e\u0432\u043e\u0441\u0438\u0431\u0438\u0440\u0441\u043a",
    "contact_phone": "1-388-810-0495",
    "contact_email": "tellus.id.nunc@rhoncusDonec.net",
    "contact_fax": "asdasd",
    "req_bin": "BIN",
    "req_account": "Account",
    "req_bank": "Bank",
    "req_bik": "BIK",
    "comment": "\u0418\u043d\u043e\u0433\u0434\u0430 \u0432\u044b \u043c\u043e\u0436\u0435\u0442\u0435 \u0437\u0430\u0445\u043e\u0442\u0435\u0442\u044c \u0434\u043e\u0431\u0430\u0432\u0438\u0442\u044c \u0442\u0435\u043a\u0441\u0442 \u0434\u043b\u044f \u043e\u043f\u0440\u0435\u0434\u0435\u043b\u0435\u043d\u043d\u043e\u0439 \u043a\u043d\u043e\u043f\u043a\u0438, \u0447\u0442\u043e\u0431\u044b \u0443\u043b\u0443\u0447\u0448\u0438\u0442\u044c UX, \u043f\u043e\u0441\u043a\u043e\u043b\u044c\u043a\u0443 \u043c\u044b \u0440\u0430\u0441\u043f\u043e\u0437\u043d\u0430\u0435\u043c \u043b\u043e\u0433\u043e\u0442\u0438\u043f\u044b \u043b\u0435\u0433\u0447\u0435, \u0447\u0435\u043c \u043e\u0431\u044b\u0447\u043d\u044b\u0439 \u0442\u0435\u043a\u0441\u0442. \u041d\u0430\u043f\u0440\u0438\u043c\u0435\u0440, \u0435\u0441\u043b\u0438 \u0443 \u0432\u0430\u0441 \u0435\u0441\u0442\u044c \u043a\u043d\u043e\u043f\u043a\u0430 \u0443\u0434\u0430\u043b\u0435\u043d\u0438\u044f, \u0432\u044b \u043c\u043e\u0436\u0435\u0442\u0435 \u043f\u043e\u043c\u0435\u0442\u0438\u0442\u044c \u0435\u0435 \u0437\u043d\u0430\u0447\u043a\u043e\u043c \u043c\u0443\u0441\u043e\u0440\u043d\u043e\u0439 \u043a\u043e\u0440\u0437\u0438\u043d\u044b. \u041a\u043d\u043e\u043f\u043a\u0438 \u0441 \u0438\u043a\u043e\u043d\u043a\u0430\u043c\u0438 \u043e\u0431\u044b\u0447\u043d\u043e \u043d\u0430\u0445\u043e\u0434\u044f\u0442\u0441\u044f \u043d\u0430 \u043f\u0430\u043d\u0435\u043b\u044f\u0445 \u043d\u0430\u0432\u0438\u0433\u0430\u0446\u0438\u0438 \u0438 \u043d\u0430 \u043f\u0430\u043d\u0435\u043b\u044f\u0445 \u0438\u043d\u0441\u0442\u0440\u0443\u043c\u0435\u043d\u0442\u043e\u0432. \u0417\u043d\u0430\u0447\u043a\u0438 \u0442\u0430\u043a\u0436\u0435 \u043f\u043e\u0434\u0445\u043e\u0434\u044f\u0442 \u0434\u043b\u044f \u043a\u043d\u043e\u043f\u043e\u043a \u043f\u0435\u0440\u0435\u043a\u043b\u044e\u0447\u0435\u043d\u0438\u044f, \u043a\u043e\u0442\u043e\u0440\u044b\u0435 \u043f\u043e\u0437\u0432\u043e\u043b\u044f\u044e\u0442 \u0432\u044b\u0431\u0440\u0430\u0442\u044c \u044d\u043b\u0435\u043c\u0435\u043d\u0442 \u0438\u043b\u0438 \u043e\u0442\u043c\u0435\u043d\u0438\u0442\u044c \u0432\u044b\u0431\u043e\u0440, \u043d\u0430\u043f\u0440\u0438\u043c\u0435\u0440, \u0434\u043e\u0431\u0430\u0432\u043b\u0435\u043d\u0438\u0435 \u0438\u043b\u0438 \u0443\u0434\u0430\u043b\u0435\u043d\u0438\u0435 \u0437\u0432\u0435\u0437\u0434\u044b \u0434\u043b\u044f \u044d\u043b\u0435\u043c\u0435\u043d\u0442\u0430.",
    "clientid": "111",
    "deleted": false
  }
},
{
  "model": "lighthouse.client",
  "pk": 314,
  "fields": {
    "created": "2020-04-15T07:21:00.837Z",
    "clientname": "\u0421\u0443\u043f\u0435\u0440-\u043a\u043b\u0438\u0435\u043d\u0442",
    "contact_employee": "\u0421\u0442\u044d\u043d \u041f\u0430\u0439\u043d\u0441",
    "id_agent": 1,
    "addr_reg": "\u041d\u043e\u0432\u043e\u0441\u0438\u0431\u0438\u0440\u0441\u043a",
    "contact_phone": "1-388-810-0495",
    "contact_email": "tellus.id.nunc@rhoncusDonec.net",
    "contact_fax": "asdasd",
    "req_bin": "BIN",
    "req_account": "Account",
    "req_bank": "Bank",
    "req_bik": "BIK",
    "comment": "\u0418\u043d\u043e\u0433\u0434\u0430 \u0432\u044b \u043c\u043e\u0436\u0435\u0442\u0435 \u0437\u0430\u0445\u043e\u0442\u0435\u0442\u044c \u0434\u043e\u0431\u0430\u0432\u0438\u0442\u044c \u0442\u0435\u043a\u0441\u0442 \u0434\u043b\u044f \u043e\u043f\u0440\u0435\u0434\u0435\u043b\u0435\u043d\u043d\u043e\u0439 \u043a\u043d\u043e\u043f\u043a\u0438, \u0447\u0442\u043e\u0431\u044b \u0443\u043b\u0443\u0447\u0448\u0438\u0442\u044c UX, \u043f\u043e\u0441\u043a\u043e\u043b\u044c\u043a\u0443 \u043c\u044b \u0440\u0430\u0441\u043f\u043e\u0437\u043d\u0430\u0435\u043c \u043b\u043e\u0433\u043e\u0442\u0438\u043f\u044b \u043b\u0435\u0433\u0447\u0435, \u0447\u0435\u043c \u043e\u0431\u044b\u0447\u043d\u044b\u0439 \u0442\u0435\u043a\u0441\u0442. \u041d\u0430\u043f\u0440\u0438\u043c\u0435\u0440, \u0435\u0441\u043b\u0438 \u0443 \u0432\u0430\u0441 \u0435\u0441\u0442\u044c \u043a\u043d\u043e\u043f\u043a\u0430 \u0443\u0434\u0430\u043b\u0435\u043d\u0438\u044f, \u0432\u044b \u043c\u043e\u0436\u0435\u0442\u0435 \u043f\u043e\u043c\u0435\u0442\u0438\u0442\u044c \u0435\u0435 \u0437\u043d\u0430\u0447\u043a\u043e\u043c \u043c\u0443\u0441\u043e\u0440\u043d\u043e\u0439 \u043a\u043e\u0440\u0437\u0438\u043d\u044b. \u041a\u043d\u043e\u043f\u043a\u0438 \u0441 \u0438\u043a\u043e\u043d\u043a\u0430\u043c\u0438 \u043e\u0431\u044b\u0447\u043d\u043e \u043d\u0430\u0445\u043e\u0434\u044f\u0442\u0441\u044f \u043d\u0430 \u043f\u0430\u043d\u0435\u043b\u044f\u0445 \u043d\u0430\u0432\u0438\u0433\u0430\u0446\u0438\u0438 \u0438 \u043d\u0430 \u043f\u0430\u043d\u0435\u043b\u044f\u0445 \u0438\u043d\u0441\u0442\u0440\u0443\u043c\u0435\u043d\u0442\u043e\u0432. \u0417\u043d\u0430\u0447\u043a\u0438 \u0442\u0430\u043a\u0436\u0435 \u043f\u043e\u0434\u0445\u043e\u0434\u044f\u0442 \u0434\u043b\u044f \u043a\u043d\u043e\u043f\u043e\u043a \u043f\u0435\u0440\u0435\u043a\u043b\u044e\u0447\u0435\u043d\u0438\u044f, \u043a\u043e\u0442\u043e\u0440\u044b\u0435 \u043f\u043e\u0437\u0432\u043e\u043b\u044f\u044e\u0442 \u0432\u044b\u0431\u0440\u0430\u0442\u044c \u044d\u043b\u0435\u043c\u0435\u043d\u0442 \u0438\u043b\u0438 \u043e\u0442\u043c\u0435\u043d\u0438\u0442\u044c \u0432\u044b\u0431\u043e\u0440, \u043d\u0430\u043f\u0440\u0438\u043c\u0435\u0440, \u0434\u043e\u0431\u0430\u0432\u043b\u0435\u043d\u0438\u0435 \u0438\u043b\u0438 \u0443\u0434\u0430\u043b\u0435\u043d\u0438\u0435 \u0437\u0432\u0435\u0437\u0434\u044b \u0434\u043b\u044f \u044d\u043b\u0435\u043c\u0435\u043d\u0442\u0430.",
    "clientid": "111",
    "deleted": false
  }
},
{
  "model": "lighthouse.client",
  "pk": 315,
  "fields": {
    "created": "2020-04-15T07:22:00.854Z",
    "clientname": "\u041f\u0451\u0441",
    "contact_employee": "\u043e\u0434\u043b\u043e\u043b\u0434\u043e",
    "id_agent": 1,
    "addr_reg": "\u0434\u043e\u043b\u0434\u043e\u043b\u0434",
    "contact_phone": "\u043b\u0434\u043e\u043b\u0434\u043e\u043b\u0434",
    "contact_email": "\u0434\u043e\u043b\u0434\u043e\u0434\u043b\u043e",
    "contact_fax": "\u0434\u043b\u043e\u0434\u043b\u043e",
    "req_bin": "098098",
    "req_account": "098098",
    "req_bank": "0809809",
    "req_bik": "098098",
    "comment": "098098098",
    "clientid": "8888",
    "deleted": false
  }
},
{
  "model": "lighthouse.client",
  "pk": 316,
  "fields": {
    "created": "2020-04-15T07:51:59.240Z",
    "clientname": "\u041f\u0451\u0441",
    "contact_employee": "\u043e\u0434\u043b\u043e\u043b\u0434\u043e",
    "id_agent": 1,
    "addr_reg": "\u0434\u043e\u043b\u0434\u043e\u043b\u0434",
    "contact_phone": "\u043b\u0434\u043e\u043b\u0434\u043e\u043b\u0434",
    "contact_email": "\u0434\u043e\u043b\u0434\u043e\u0434\u043b\u043e",
    "contact_fax": "\u0434\u043b\u043e\u0434\u043b\u043e",
    "req_bin": "098098",
    "req_account": "098098",
    "req_bank": "0809809",
    "req_bik": "098098",
    "comment": "098098098",
    "clientid": "8888",
    "deleted": false
  }
},
{
  "model": "lighthouse.client",
  "pk": 317,
  "fields": {
    "created": "2020-04-15T07:52:48.506Z",
    "clientname": "\u0414\u0435\u0440\u0435\u0437\u0430",
    "contact_employee": "\u043e\u043b\u0440\u044b\u0432\u043e\u043b\u0430\u0440\u044b\u0432\u043e\u043b\u0440",
    "id_agent": 1,
    "addr_reg": "\u043b\u043e\u044b\u0432\u0430\u043b\u0440\u044b\u0432\u043e\u043b",
    "contact_phone": "\u044b\u0432\u0430\u0440\u043e\u043b\u044b\u0432\u0430\u0440\u043b\u043e",
    "contact_email": "\u043b\u044b\u043e\u0432\u0430\u0440\u043b\u043e\u044b\u0430\u0440\u0440\u0430\u043e",
    "contact_fax": "\u044b\u043b\u0432\u0430\u0440\u043e\u043b\u044b\u0430\u0440\u043b\u043e\u0440",
    "req_bin": "098098",
    "req_account": "098098",
    "req_bank": "9809",
    "req_bik": "08098",
    "comment": "\u044b\u0444\u0432\u0430\u043b\u0434\u044b\u043e\u0430\u043b\u0434\u043e",
    "clientid": "8888",
    "deleted": true
  }
},
{
  "model": "lighthouse.client",
  "pk": 318,
  "fields": {
    "created": "2020-04-15T07:58:32.002Z",
    "clientname": "\u0412\u0438\u043d\u043d\u0438 \u041f\u0443\u0445",
    "contact_employee": "\u044b\u0432\u0434\u0430\u043e\u044b\u043b\u0434\u0432\u0430\u043e\u043b\u0434",
    "id_agent": 1,
    "addr_reg": "\u0434\u043b\u043e\u0432\u0430\u0434\u043b\u043e\u043b\u0434\u0432\u043e\u043b\u0434",
    "contact_phone": "\u044b\u0434\u0430\u043e\u044b\u043b\u0434\u0432\u0430\u043e\u043b\u0434",
    "contact_email": "\u044b\u0432\u043b\u0434\u0430\u043e\u044b\u043b\u0434\u0432\u0430\u043e",
    "contact_fax": "\u044b\u0432\u043e\u0430\u043b\u0434\u044b\u0432\u043e\u0430\u043b\u0434",
    "req_bin": "\u043e\u0448\u0449\u0433\u0433",
    "req_account": "\u0448\u0449\u0433\u0448\u0449",
    "req_bank": "\u0449\u0433\u0448\u0449",
    "req_bik": "\u0449\u0448\u0433\u0449\u0448\u0433",
    "comment": "\u0433\u0449\u0448\u0433\u0448\u0449\u0433\u0449",
    "clientid": "8888",
    "deleted": false
  }
},
{
  "model": "lighthouse.client",
  "pk": 319,
  "fields": {
    "created": "2020-04-17T12:50:25.263Z",
    "clientname": "\u041f\u0451\u0441",
    "contact_employee": "\u043e\u0434\u043b\u043e\u043b\u0434\u043e",
    "id_agent": 1,
    "addr_reg": "\u0434\u043e\u043b\u0434\u043e\u043b\u0434",
    "contact_phone": "\u043b\u0434\u043e\u043b\u0434\u043e\u043b\u0434",
    "contact_email": "\u0434\u043e\u043b\u0434\u043e\u0434\u043b\u043e",
    "contact_fax": "\u0434\u043b\u043e\u0434\u043b\u043e",
    "req_bin": "098098",
    "req_account": "098098",
    "req_bank": "0809809",
    "req_bik": "098098",
    "comment": "098098098",
    "clientid": "8888",
    "deleted": false
  }
}
]
